年,月,地域区分,データ区分,都道府県コード,都道府県名,地域コード,地域名称,人数
2024,7,市区町村,観光来訪者数,1,北海道,1101,札幌市中央区,544665
2024,7,市区町村,観光来訪者数,1,北海道,1102,札幌市北区,32938
2024,7,市区町村,観光来訪者数,1,北海道,1103,札幌市東区,79173
2024,7,市区町村,観光来訪者数,1,北海道,1104,札幌市白石区,23557
2024,7,市区町村,観光来訪者数,1,北海道,1105,札幌市豊平区,51391
2024,7,市区町村,観光来訪者数,1,北海道,1106,札幌市南区,80735
2024,7,市区町村,観光来訪者数,1,北海道,1107,札幌市西区,66775
2024,7,市区町村,観光来訪者数,1,北海道,1108,札幌市厚別区,24624
2024,7,市区町村,観光来訪者数,1,北海道,1109,札幌市手稲区,13564
2024,7,市区町村,観光来訪者数,1,北海道,1110,札幌市清田区,2912
2024,7,市区町村,観光来訪者数,1,北海道,1202,函館市,178412
2024,7,市区町村,観光来訪者数,1,北海道,1203,小樽市,139280
2024,7,市区町村,観光来訪者数,1,北海道,1204,旭川市,307525
2024,7,市区町村,観光来訪者数,1,北海道,1205,室蘭市,30389
2024,7,市区町村,観光来訪者数,1,北海道,1206,釧路市,114578
2024,7,市区町村,観光来訪者数,1,北海道,1207,帯広市,86084
2024,7,市区町村,観光来訪者数,1,北海道,1208,北見市,32678
2024,7,市区町村,観光来訪者数,1,北海道,1209,夕張市,34495
2024,7,市区町村,観光来訪者数,1,北海道,1210,岩見沢市,89389
2024,7,市区町村,観光来訪者数,1,北海道,1211,網走市,99299
2024,7,市区町村,観光来訪者数,1,北海道,1212,留萌市,45128
2024,7,市区町村,観光来訪者数,1,北海道,1213,苫小牧市,122877
2024,7,市区町村,観光来訪者数,1,北海道,1214,稚内市,63735
2024,7,市区町村,観光来訪者数,1,北海道,1215,美唄市,8883
2024,7,市区町村,観光来訪者数,1,北海道,1216,芦別市,61820
2024,7,市区町村,観光来訪者数,1,北海道,1217,江別市,25739
2024,7,市区町村,観光来訪者数,1,北海道,1218,赤平市,1837
2024,7,市区町村,観光来訪者数,1,北海道,1219,紋別市,37286
2024,7,市区町村,観光来訪者数,1,北海道,1220,士別市,4361
2024,7,市区町村,観光来訪者数,1,北海道,1221,名寄市,40769
2024,7,市区町村,観光来訪者数,1,北海道,1222,三笠市,76917
2024,7,市区町村,観光来訪者数,1,北海道,1223,根室市,20808
2024,7,市区町村,観光来訪者数,1,北海道,1224,千歳市,135797
2024,7,市区町村,観光来訪者数,1,北海道,1225,滝川市,18802
2024,7,市区町村,観光来訪者数,1,北海道,1226,砂川市,3246
2024,7,市区町村,観光来訪者数,1,北海道,1227,歌志内市,8439
2024,7,市区町村,観光来訪者数,1,北海道,1228,深川市,62617
2024,7,市区町村,観光来訪者数,1,北海道,1229,富良野市,61415
2024,7,市区町村,観光来訪者数,1,北海道,1230,登別市,25907
2024,7,市区町村,観光来訪者数,1,北海道,1231,恵庭市,35399
2024,7,市区町村,観光来訪者数,1,北海道,1233,伊達市,55206
2024,7,市区町村,観光来訪者数,1,北海道,1234,北広島市,649947
2024,7,市区町村,観光来訪者数,1,北海道,1235,石狩市,84925
2024,7,市区町村,観光来訪者数,1,北海道,1236,北斗市,6820
2024,7,市区町村,観光来訪者数,1,北海道,1303,当別町,53816
2024,7,市区町村,観光来訪者数,1,北海道,1304,新篠津村,37104
2024,7,市区町村,観光来訪者数,1,北海道,1331,松前町,16162
2024,7,市区町村,観光来訪者数,1,北海道,1332,福島町,3998
2024,7,市区町村,観光来訪者数,1,北海道,1333,知内町,4395
2024,7,市区町村,観光来訪者数,1,北海道,1334,木古内町,19378
2024,7,市区町村,観光来訪者数,1,北海道,1337,七飯町,52575
2024,7,市区町村,観光来訪者数,1,北海道,1343,鹿部町,4741
2024,7,市区町村,観光来訪者数,1,北海道,1345,森町,22420
2024,7,市区町村,観光来訪者数,1,北海道,1346,八雲町,4670
2024,7,市区町村,観光来訪者数,1,北海道,1361,江差町,7975
2024,7,市区町村,観光来訪者数,1,北海道,1362,上ノ国町,16622
2024,7,市区町村,観光来訪者数,1,北海道,1363,厚沢部町,10355
2024,7,市区町村,観光来訪者数,1,北海道,1364,乙部町,6619
2024,7,市区町村,観光来訪者数,1,北海道,1367,奥尻町,1514
2024,7,市区町村,観光来訪者数,1,北海道,1371,せたな町,4726
2024,7,市区町村,観光来訪者数,1,北海道,1391,島牧村,4808
2024,7,市区町村,観光来訪者数,1,北海道,1392,寿都町,7140
2024,7,市区町村,観光来訪者数,1,北海道,1393,黒松内町,25767
2024,7,市区町村,観光来訪者数,1,北海道,1394,蘭越町,14653
2024,7,市区町村,観光来訪者数,1,北海道,1395,ニセコ町,75431
2024,7,市区町村,観光来訪者数,1,北海道,1396,真狩村,22014
2024,7,市区町村,観光来訪者数,1,北海道,1397,留寿都村,80026
2024,7,市区町村,観光来訪者数,1,北海道,1398,喜茂別町,67246
2024,7,市区町村,観光来訪者数,1,北海道,1399,京極町,40811
2024,7,市区町村,観光来訪者数,1,北海道,1400,倶知安町,24053
2024,7,市区町村,観光来訪者数,1,北海道,1401,共和町,97
2024,7,市区町村,観光来訪者数,1,北海道,1402,岩内町,4435
2024,7,市区町村,観光来訪者数,1,北海道,1403,泊村,3229
2024,7,市区町村,観光来訪者数,1,北海道,1404,神恵内村,16860
2024,7,市区町村,観光来訪者数,1,北海道,1405,積丹町,2670
2024,7,市区町村,観光来訪者数,1,北海道,1407,仁木町,68071
2024,7,市区町村,観光来訪者数,1,北海道,1408,余市町,89785
2024,7,市区町村,観光来訪者数,1,北海道,1409,赤井川村,22689
2024,7,市区町村,観光来訪者数,1,北海道,1423,南幌町,15735
2024,7,市区町村,観光来訪者数,1,北海道,1424,奈井江町,9579
2024,7,市区町村,観光来訪者数,1,北海道,1427,由仁町,10695
2024,7,市区町村,観光来訪者数,1,北海道,1428,長沼町,94446
2024,7,市区町村,観光来訪者数,1,北海道,1429,栗山町,5121
2024,7,市区町村,観光来訪者数,1,北海道,1430,月形町,2950
2024,7,市区町村,観光来訪者数,1,北海道,1431,浦臼町,5729
2024,7,市区町村,観光来訪者数,1,北海道,1432,新十津川町,10671
2024,7,市区町村,観光来訪者数,1,北海道,1433,妹背牛町,11048
2024,7,市区町村,観光来訪者数,1,北海道,1434,秩父別町,15665
2024,7,市区町村,観光来訪者数,1,北海道,1436,雨竜町,33950
2024,7,市区町村,観光来訪者数,1,北海道,1437,北竜町,30512
2024,7,市区町村,観光来訪者数,1,北海道,1438,沼田町,15645
2024,7,市区町村,観光来訪者数,1,北海道,1452,鷹栖町,1349
2024,7,市区町村,観光来訪者数,1,北海道,1453,東神楽町,19535
2024,7,市区町村,観光来訪者数,1,北海道,1454,当麻町,15520
2024,7,市区町村,観光来訪者数,1,北海道,1455,比布町,9086
2024,7,市区町村,観光来訪者数,1,北海道,1457,上川町,20374
2024,7,市区町村,観光来訪者数,1,北海道,1458,東川町,15044
2024,7,市区町村,観光来訪者数,1,北海道,1459,美瑛町,133747
2024,7,市区町村,観光来訪者数,1,北海道,1460,上富良野町,17700
2024,7,市区町村,観光来訪者数,1,北海道,1461,中富良野町,345808
2024,7,市区町村,観光来訪者数,1,北海道,1462,南富良野町,43287
2024,7,市区町村,観光来訪者数,1,北海道,1463,占冠村,1119
2024,7,市区町村,観光来訪者数,1,北海道,1464,和寒町,3313
2024,7,市区町村,観光来訪者数,1,北海道,1465,剣淵町,88
2024,7,市区町村,観光来訪者数,1,北海道,1468,下川町,256
2024,7,市区町村,観光来訪者数,1,北海道,1469,美深町,16919
2024,7,市区町村,観光来訪者数,1,北海道,1470,音威子府村,7342
2024,7,市区町村,観光来訪者数,1,北海道,1471,中川町,15409
2024,7,市区町村,観光来訪者数,1,北海道,1472,幌加内町,8171
2024,7,市区町村,観光来訪者数,1,北海道,1481,増毛町,7777
2024,7,市区町村,観光来訪者数,1,北海道,1482,小平町,32406
2024,7,市区町村,観光来訪者数,1,北海道,1483,苫前町,26517
2024,7,市区町村,観光来訪者数,1,北海道,1484,羽幌町,17916
2024,7,市区町村,観光来訪者数,1,北海道,1485,初山別村,32041
2024,7,市区町村,観光来訪者数,1,北海道,1486,遠別町,36188
2024,7,市区町村,観光来訪者数,1,北海道,1487,天塩町,18997
2024,7,市区町村,観光来訪者数,1,北海道,1512,浜頓別町,14808
2024,7,市区町村,観光来訪者数,1,北海道,1513,中頓別町,5397
2024,7,市区町村,観光来訪者数,1,北海道,1514,枝幸町,11701
2024,7,市区町村,観光来訪者数,1,北海道,1516,豊富町,6339
2024,7,市区町村,観光来訪者数,1,北海道,1517,礼文町,7181
2024,7,市区町村,観光来訪者数,1,北海道,1518,利尻町,11491
2024,7,市区町村,観光来訪者数,1,北海道,1519,利尻富士町,380
2024,7,市区町村,観光来訪者数,1,北海道,1520,幌延町,1662
2024,7,市区町村,観光来訪者数,1,北海道,1543,美幌町,41280
2024,7,市区町村,観光来訪者数,1,北海道,1544,津別町,19472
2024,7,市区町村,観光来訪者数,1,北海道,1545,斜里町,77295
2024,7,市区町村,観光来訪者数,1,北海道,1546,清里町,23277
2024,7,市区町村,観光来訪者数,1,北海道,1547,小清水町,11537
2024,7,市区町村,観光来訪者数,1,北海道,1550,置戸町,8362
2024,7,市区町村,観光来訪者数,1,北海道,1552,佐呂間町,26753
2024,7,市区町村,観光来訪者数,1,北海道,1555,遠軽町,69078
2024,7,市区町村,観光来訪者数,1,北海道,1559,湧別町,32656
2024,7,市区町村,観光来訪者数,1,北海道,1561,興部町,15222
2024,7,市区町村,観光来訪者数,1,北海道,1562,西興部村,9667
2024,7,市区町村,観光来訪者数,1,北海道,1563,雄武町,17588
2024,7,市区町村,観光来訪者数,1,北海道,1564,大空町,50794
2024,7,市区町村,観光来訪者数,1,北海道,1571,豊浦町,21927
2024,7,市区町村,観光来訪者数,1,北海道,1575,壮瞥町,43473
2024,7,市区町村,観光来訪者数,1,北海道,1578,白老町,60853
2024,7,市区町村,観光来訪者数,1,北海道,1581,厚真町,1085
2024,7,市区町村,観光来訪者数,1,北海道,1584,洞爺湖町,38357
2024,7,市区町村,観光来訪者数,1,北海道,1585,安平町,5552
2024,7,市区町村,観光来訪者数,1,北海道,1586,むかわ町,30786
2024,7,市区町村,観光来訪者数,1,北海道,1601,日高町,18999
2024,7,市区町村,観光来訪者数,1,北海道,1602,平取町,8301
2024,7,市区町村,観光来訪者数,1,北海道,1604,新冠町,19197
2024,7,市区町村,観光来訪者数,1,北海道,1607,浦河町,2253
2024,7,市区町村,観光来訪者数,1,北海道,1608,様似町,1619
2024,7,市区町村,観光来訪者数,1,北海道,1609,えりも町,566
2024,7,市区町村,観光来訪者数,1,北海道,1610,新ひだか町,25920
2024,7,市区町村,観光来訪者数,1,北海道,1631,音更町,127772
2024,7,市区町村,観光来訪者数,1,北海道,1632,士幌町,39029
2024,7,市区町村,観光来訪者数,1,北海道,1633,上士幌町,16812
2024,7,市区町村,観光来訪者数,1,北海道,1634,鹿追町,23929
2024,7,市区町村,観光来訪者数,1,北海道,1635,新得町,4759
2024,7,市区町村,観光来訪者数,1,北海道,1636,清水町,4093
2024,7,市区町村,観光来訪者数,1,北海道,1637,芽室町,4536
2024,7,市区町村,観光来訪者数,1,北海道,1638,中札内村,53019
2024,7,市区町村,観光来訪者数,1,北海道,1639,更別村,10116
2024,7,市区町村,観光来訪者数,1,北海道,1641,大樹町,33660
2024,7,市区町村,観光来訪者数,1,北海道,1642,広尾町,1352
2024,7,市区町村,観光来訪者数,1,北海道,1643,幕別町,29621
2024,7,市区町村,観光来訪者数,1,北海道,1644,池田町,23293
2024,7,市区町村,観光来訪者数,1,北海道,1645,豊頃町,86
2024,7,市区町村,観光来訪者数,1,北海道,1646,本別町,17538
2024,7,市区町村,観光来訪者数,1,北海道,1647,足寄町,24115
2024,7,市区町村,観光来訪者数,1,北海道,1648,陸別町,12309
2024,7,市区町村,観光来訪者数,1,北海道,1649,浦幌町,25853
2024,7,市区町村,観光来訪者数,1,北海道,1661,釧路町,25115
2024,7,市区町村,観光来訪者数,1,北海道,1662,厚岸町,49776
2024,7,市区町村,観光来訪者数,1,北海道,1664,標茶町,774
2024,7,市区町村,観光来訪者数,1,北海道,1665,弟子屈町,58017
2024,7,市区町村,観光来訪者数,1,北海道,1667,鶴居村,8861
2024,7,市区町村,観光来訪者数,1,北海道,1668,白糠町,36454
2024,7,市区町村,観光来訪者数,1,北海道,1691,別海町,4573
2024,7,市区町村,観光来訪者数,1,北海道,1692,中標津町,3808
2024,7,市区町村,観光来訪者数,1,北海道,1693,標津町,9371
2024,7,市区町村,観光来訪者数,1,北海道,1694,羅臼町,7151
2024,7,市区町村,観光来訪者数,2,青森県,2201,青森市,216721
2024,7,市区町村,観光来訪者数,2,青森県,2202,弘前市,125081
2024,7,市区町村,観光来訪者数,2,青森県,2203,八戸市,132256
2024,7,市区町村,観光来訪者数,2,青森県,2204,黒石市,14469
2024,7,市区町村,観光来訪者数,2,青森県,2205,五所川原市,41771
2024,7,市区町村,観光来訪者数,2,青森県,2206,十和田市,66477
2024,7,市区町村,観光来訪者数,2,青森県,2207,三沢市,24361
2024,7,市区町村,観光来訪者数,2,青森県,2208,むつ市,29272
2024,7,市区町村,観光来訪者数,2,青森県,2209,つがる市,97451
2024,7,市区町村,観光来訪者数,2,青森県,2210,平川市,62976
2024,7,市区町村,観光来訪者数,2,青森県,2301,平内町,5271
2024,7,市区町村,観光来訪者数,2,青森県,2303,今別町,8283
2024,7,市区町村,観光来訪者数,2,青森県,2304,蓬田村,4529
2024,7,市区町村,観光来訪者数,2,青森県,2307,外ヶ浜町,11426
2024,7,市区町村,観光来訪者数,2,青森県,2321,鰺ヶ沢町,6133
2024,7,市区町村,観光来訪者数,2,青森県,2323,深浦町,16245
2024,7,市区町村,観光来訪者数,2,青森県,2343,西目屋村,22191
2024,7,市区町村,観光来訪者数,2,青森県,2361,藤崎町,1649
2024,7,市区町村,観光来訪者数,2,青森県,2362,大鰐町,4979
2024,7,市区町村,観光来訪者数,2,青森県,2367,田舎館村,16641
2024,7,市区町村,観光来訪者数,2,青森県,2381,板柳町,1388
2024,7,市区町村,観光来訪者数,2,青森県,2384,鶴田町,23610
2024,7,市区町村,観光来訪者数,2,青森県,2387,中泊町,758
2024,7,市区町村,観光来訪者数,2,青森県,2401,野辺地町,2377
2024,7,市区町村,観光来訪者数,2,青森県,2402,七戸町,43140
2024,7,市区町村,観光来訪者数,2,青森県,2405,六戸町,6375
2024,7,市区町村,観光来訪者数,2,青森県,2406,横浜町,20266
2024,7,市区町村,観光来訪者数,2,青森県,2408,東北町,16044
2024,7,市区町村,観光来訪者数,2,青森県,2411,六ヶ所村,16620
2024,7,市区町村,観光来訪者数,2,青森県,2412,おいらせ町,6721
2024,7,市区町村,観光来訪者数,2,青森県,2423,大間町,5937
2024,7,市区町村,観光来訪者数,2,青森県,2424,東通村,766
2024,7,市区町村,観光来訪者数,2,青森県,2425,風間浦村,450
2024,7,市区町村,観光来訪者数,2,青森県,2426,佐井村,8392
2024,7,市区町村,観光来訪者数,2,青森県,2441,三戸町,15811
2024,7,市区町村,観光来訪者数,2,青森県,2442,五戸町,1531
2024,7,市区町村,観光来訪者数,2,青森県,2443,田子町,3084
2024,7,市区町村,観光来訪者数,2,青森県,2445,南部町,4288
2024,7,市区町村,観光来訪者数,2,青森県,2446,階上町,19653
2024,7,市区町村,観光来訪者数,2,青森県,2450,新郷村,6183
2024,7,市区町村,観光来訪者数,3,岩手県,3201,盛岡市,200766
2024,7,市区町村,観光来訪者数,3,岩手県,3202,宮古市,78356
2024,7,市区町村,観光来訪者数,3,岩手県,3203,大船渡市,66501
2024,7,市区町村,観光来訪者数,3,岩手県,3205,花巻市,223457
2024,7,市区町村,観光来訪者数,3,岩手県,3206,北上市,39329
2024,7,市区町村,観光来訪者数,3,岩手県,3207,久慈市,89101
2024,7,市区町村,観光来訪者数,3,岩手県,3208,遠野市,58575
2024,7,市区町村,観光来訪者数,3,岩手県,3209,一関市,47074
2024,7,市区町村,観光来訪者数,3,岩手県,3210,陸前高田市,47624
2024,7,市区町村,観光来訪者数,3,岩手県,3211,釜石市,33881
2024,7,市区町村,観光来訪者数,3,岩手県,3213,二戸市,27994
2024,7,市区町村,観光来訪者数,3,岩手県,3214,八幡平市,164372
2024,7,市区町村,観光来訪者数,3,岩手県,3215,奥州市,39756
2024,7,市区町村,観光来訪者数,3,岩手県,3216,滝沢市,23592
2024,7,市区町村,観光来訪者数,3,岩手県,3301,雫石町,110999
2024,7,市区町村,観光来訪者数,3,岩手県,3302,葛巻町,29168
2024,7,市区町村,観光来訪者数,3,岩手県,3303,岩手町,29160
2024,7,市区町村,観光来訪者数,3,岩手県,3321,紫波町,46715
2024,7,市区町村,観光来訪者数,3,岩手県,3322,矢巾町,3948
2024,7,市区町村,観光来訪者数,3,岩手県,3366,西和賀町,21678
2024,7,市区町村,観光来訪者数,3,岩手県,3381,金ヶ崎町,10915
2024,7,市区町村,観光来訪者数,3,岩手県,3402,平泉町,74514
2024,7,市区町村,観光来訪者数,3,岩手県,3441,住田町,5850
2024,7,市区町村,観光来訪者数,3,岩手県,3461,大槌町,2977
2024,7,市区町村,観光来訪者数,3,岩手県,3482,山田町,29534
2024,7,市区町村,観光来訪者数,3,岩手県,3483,岩泉町,28013
2024,7,市区町村,観光来訪者数,3,岩手県,3484,田野畑村,25693
2024,7,市区町村,観光来訪者数,3,岩手県,3485,普代村,8402
2024,7,市区町村,観光来訪者数,3,岩手県,3501,軽米町,9308
2024,7,市区町村,観光来訪者数,3,岩手県,3503,野田村,4745
2024,7,市区町村,観光来訪者数,3,岩手県,3506,九戸村,12823
2024,7,市区町村,観光来訪者数,3,岩手県,3507,洋野町,26935
2024,7,市区町村,観光来訪者数,3,岩手県,3524,一戸町,12106
2024,7,市区町村,観光来訪者数,4,宮城県,4101,仙台市青葉区,278905
2024,7,市区町村,観光来訪者数,4,宮城県,4102,仙台市宮城野区,276403
2024,7,市区町村,観光来訪者数,4,宮城県,4103,仙台市若林区,24924
2024,7,市区町村,観光来訪者数,4,宮城県,4104,仙台市太白区,168263
2024,7,市区町村,観光来訪者数,4,宮城県,4105,仙台市泉区,57011
2024,7,市区町村,観光来訪者数,4,宮城県,4202,石巻市,151242
2024,7,市区町村,観光来訪者数,4,宮城県,4203,塩竃市,30202
2024,7,市区町村,観光来訪者数,4,宮城県,4205,気仙沼市,62309
2024,7,市区町村,観光来訪者数,4,宮城県,4206,白石市,43016
2024,7,市区町村,観光来訪者数,4,宮城県,4207,名取市,12354
2024,7,市区町村,観光来訪者数,4,宮城県,4208,角田市,35149
2024,7,市区町村,観光来訪者数,4,宮城県,4209,多賀城市,14574
2024,7,市区町村,観光来訪者数,4,宮城県,4211,岩沼市,20090
2024,7,市区町村,観光来訪者数,4,宮城県,4212,登米市,156842
2024,7,市区町村,観光来訪者数,4,宮城県,4213,栗原市,24836
2024,7,市区町村,観光来訪者数,4,宮城県,4214,東松島市,17510
2024,7,市区町村,観光来訪者数,4,宮城県,4215,大崎市,118845
2024,7,市区町村,観光来訪者数,4,宮城県,4216,富谷市,9521
2024,7,市区町村,観光来訪者数,4,宮城県,4301,蔵王町,31097
2024,7,市区町村,観光来訪者数,4,宮城県,4302,七ヶ宿町,21355
2024,7,市区町村,観光来訪者数,4,宮城県,4321,大河原町,5823
2024,7,市区町村,観光来訪者数,4,宮城県,4322,村田町,16782
2024,7,市区町村,観光来訪者数,4,宮城県,4323,柴田町,11188
2024,7,市区町村,観光来訪者数,4,宮城県,4324,川崎町,27085
2024,7,市区町村,観光来訪者数,4,宮城県,4341,丸森町,526
2024,7,市区町村,観光来訪者数,4,宮城県,4361,亘理町,6984
2024,7,市区町村,観光来訪者数,4,宮城県,4362,山元町,23006
2024,7,市区町村,観光来訪者数,4,宮城県,4401,松島町,75513
2024,7,市区町村,観光来訪者数,4,宮城県,4404,七ヶ浜町,4255
2024,7,市区町村,観光来訪者数,4,宮城県,4406,利府町,84368
2024,7,市区町村,観光来訪者数,4,宮城県,4421,大和町,10503
2024,7,市区町村,観光来訪者数,4,宮城県,4422,大郷町,41551
2024,7,市区町村,観光来訪者数,4,宮城県,4424,大衡村,18111
2024,7,市区町村,観光来訪者数,4,宮城県,4444,色麻町,12165
2024,7,市区町村,観光来訪者数,4,宮城県,4445,加美町,18377
2024,7,市区町村,観光来訪者数,4,宮城県,4501,涌谷町,2270
2024,7,市区町村,観光来訪者数,4,宮城県,4505,美里町,1137
2024,7,市区町村,観光来訪者数,4,宮城県,4581,女川町,3908
2024,7,市区町村,観光来訪者数,4,宮城県,4606,南三陸町,8545
2024,7,市区町村,観光来訪者数,5,秋田県,5201,秋田市,200510
2024,7,市区町村,観光来訪者数,5,秋田県,5202,能代市,45300
2024,7,市区町村,観光来訪者数,5,秋田県,5203,横手市,67363
2024,7,市区町村,観光来訪者数,5,秋田県,5204,大館市,25983
2024,7,市区町村,観光来訪者数,5,秋田県,5206,男鹿市,75038
2024,7,市区町村,観光来訪者数,5,秋田県,5207,湯沢市,25533
2024,7,市区町村,観光来訪者数,5,秋田県,5209,鹿角市,38202
2024,7,市区町村,観光来訪者数,5,秋田県,5210,由利本荘市,96413
2024,7,市区町村,観光来訪者数,5,秋田県,5211,潟上市,35612
2024,7,市区町村,観光来訪者数,5,秋田県,5212,大仙市,45442
2024,7,市区町村,観光来訪者数,5,秋田県,5213,北秋田市,27252
2024,7,市区町村,観光来訪者数,5,秋田県,5214,にかほ市,57904
2024,7,市区町村,観光来訪者数,5,秋田県,5215,仙北市,44632
2024,7,市区町村,観光来訪者数,5,秋田県,5303,小坂町,13824
2024,7,市区町村,観光来訪者数,5,秋田県,5327,上小阿仁村,18496
2024,7,市区町村,観光来訪者数,5,秋田県,5346,藤里町,849
2024,7,市区町村,観光来訪者数,5,秋田県,5348,三種町,12342
2024,7,市区町村,観光来訪者数,5,秋田県,5349,八峰町,11003
2024,7,市区町村,観光来訪者数,5,秋田県,5361,五城目町,4280
2024,7,市区町村,観光来訪者数,5,秋田県,5363,八郎潟町,458
2024,7,市区町村,観光来訪者数,5,秋田県,5366,井川町,2850
2024,7,市区町村,観光来訪者数,5,秋田県,5368,大潟村,17280
2024,7,市区町村,観光来訪者数,5,秋田県,5434,美郷町,18605
2024,7,市区町村,観光来訪者数,5,秋田県,5463,羽後町,18576
2024,7,市区町村,観光来訪者数,5,秋田県,5464,東成瀬村,4145
2024,7,市区町村,観光来訪者数,6,山形県,6201,山形市,334175
2024,7,市区町村,観光来訪者数,6,山形県,6202,米沢市,185378
2024,7,市区町村,観光来訪者数,6,山形県,6203,鶴岡市,133276
2024,7,市区町村,観光来訪者数,6,山形県,6204,酒田市,60586
2024,7,市区町村,観光来訪者数,6,山形県,6205,新庄市,23051
2024,7,市区町村,観光来訪者数,6,山形県,6206,寒河江市,9296
2024,7,市区町村,観光来訪者数,6,山形県,6207,上山市,22662
2024,7,市区町村,観光来訪者数,6,山形県,6208,村山市,29069
2024,7,市区町村,観光来訪者数,6,山形県,6209,長井市,17945
2024,7,市区町村,観光来訪者数,6,山形県,6210,天童市,240983
2024,7,市区町村,観光来訪者数,6,山形県,6211,東根市,20316
2024,7,市区町村,観光来訪者数,6,山形県,6212,尾花沢市,107297
2024,7,市区町村,観光来訪者数,6,山形県,6213,南陽市,29010
2024,7,市区町村,観光来訪者数,6,山形県,6301,山辺町,2640
2024,7,市区町村,観光来訪者数,6,山形県,6302,中山町,7552
2024,7,市区町村,観光来訪者数,6,山形県,6321,河北町,11197
2024,7,市区町村,観光来訪者数,6,山形県,6322,西川町,42505
2024,7,市区町村,観光来訪者数,6,山形県,6323,朝日町,5620
2024,7,市区町村,観光来訪者数,6,山形県,6324,大江町,11528
2024,7,市区町村,観光来訪者数,6,山形県,6341,大石田町,831
2024,7,市区町村,観光来訪者数,6,山形県,6361,金山町,900
2024,7,市区町村,観光来訪者数,6,山形県,6362,最上町,2172
2024,7,市区町村,観光来訪者数,6,山形県,6363,舟形町,9146
2024,7,市区町村,観光来訪者数,6,山形県,6364,真室川町,5544
2024,7,市区町村,観光来訪者数,6,山形県,6365,大蔵村,1196
2024,7,市区町村,観光来訪者数,6,山形県,6366,鮭川村,1301
2024,7,市区町村,観光来訪者数,6,山形県,6367,戸沢村,31329
2024,7,市区町村,観光来訪者数,6,山形県,6381,高畠町,19989
2024,7,市区町村,観光来訪者数,6,山形県,6382,川西町,4332
2024,7,市区町村,観光来訪者数,6,山形県,6401,小国町,4268
2024,7,市区町村,観光来訪者数,6,山形県,6402,白鷹町,1616
2024,7,市区町村,観光来訪者数,6,山形県,6403,飯豊町,76881
2024,7,市区町村,観光来訪者数,6,山形県,6426,三川町,20720
2024,7,市区町村,観光来訪者数,6,山形県,6428,庄内町,25744
2024,7,市区町村,観光来訪者数,6,山形県,6461,遊佐町,57208
2024,7,市区町村,観光来訪者数,7,福島県,7201,福島市,300335
2024,7,市区町村,観光来訪者数,7,福島県,7202,会津若松市,113760
2024,7,市区町村,観光来訪者数,7,福島県,7203,郡山市,140842
2024,7,市区町村,観光来訪者数,7,福島県,7204,いわき市,301035
2024,7,市区町村,観光来訪者数,7,福島県,7205,白河市,34905
2024,7,市区町村,観光来訪者数,7,福島県,7207,須賀川市,30996
2024,7,市区町村,観光来訪者数,7,福島県,7208,喜多方市,41209
2024,7,市区町村,観光来訪者数,7,福島県,7209,相馬市,52159
2024,7,市区町村,観光来訪者数,7,福島県,7210,二本松市,119035
2024,7,市区町村,観光来訪者数,7,福島県,7211,田村市,13974
2024,7,市区町村,観光来訪者数,7,福島県,7212,南相馬市,139925
2024,7,市区町村,観光来訪者数,7,福島県,7213,伊達市,71880
2024,7,市区町村,観光来訪者数,7,福島県,7214,本宮市,76918
2024,7,市区町村,観光来訪者数,7,福島県,7301,桑折町,12268
2024,7,市区町村,観光来訪者数,7,福島県,7303,国見町,89184
2024,7,市区町村,観光来訪者数,7,福島県,7308,川俣町,12449
2024,7,市区町村,観光来訪者数,7,福島県,7322,大玉村,19904
2024,7,市区町村,観光来訪者数,7,福島県,7342,鏡石町,5897
2024,7,市区町村,観光来訪者数,7,福島県,7344,天栄村,43552
2024,7,市区町村,観光来訪者数,7,福島県,7362,下郷町,29013
2024,7,市区町村,観光来訪者数,7,福島県,7364,檜枝岐村,8831
2024,7,市区町村,観光来訪者数,7,福島県,7367,只見町,3813
2024,7,市区町村,観光来訪者数,7,福島県,7368,南会津町,33784
2024,7,市区町村,観光来訪者数,7,福島県,7402,北塩原村,48830
2024,7,市区町村,観光来訪者数,7,福島県,7405,西会津町,13911
2024,7,市区町村,観光来訪者数,7,福島県,7407,磐梯町,51855
2024,7,市区町村,観光来訪者数,7,福島県,7408,猪苗代町,138514
2024,7,市区町村,観光来訪者数,7,福島県,7421,会津坂下町,2201
2024,7,市区町村,観光来訪者数,7,福島県,7422,湯川村,40858
2024,7,市区町村,観光来訪者数,7,福島県,7423,柳津町,11208
2024,7,市区町村,観光来訪者数,7,福島県,7444,三島町,15066
2024,7,市区町村,観光来訪者数,7,福島県,7445,金山町,12116
2024,7,市区町村,観光来訪者数,7,福島県,7446,昭和村,10032
2024,7,市区町村,観光来訪者数,7,福島県,7447,会津美里町,13369
2024,7,市区町村,観光来訪者数,7,福島県,7461,西郷村,22039
2024,7,市区町村,観光来訪者数,7,福島県,7464,泉崎村,2786
2024,7,市区町村,観光来訪者数,7,福島県,7465,中島村,66
2024,7,市区町村,観光来訪者数,7,福島県,7466,矢吹町,8350
2024,7,市区町村,観光来訪者数,7,福島県,7481,棚倉町,9105
2024,7,市区町村,観光来訪者数,7,福島県,7482,矢祭町,766
2024,7,市区町村,観光来訪者数,7,福島県,7483,塙町,11439
2024,7,市区町村,観光来訪者数,7,福島県,7484,鮫川村,101
2024,7,市区町村,観光来訪者数,7,福島県,7501,石川町,6228
2024,7,市区町村,観光来訪者数,7,福島県,7502,玉川村,9400
2024,7,市区町村,観光来訪者数,7,福島県,7503,平田村,27756
2024,7,市区町村,観光来訪者数,7,福島県,7504,浅川町,201
2024,7,市区町村,観光来訪者数,7,福島県,7505,古殿町,6841
2024,7,市区町村,観光来訪者数,7,福島県,7521,三春町,5901
2024,7,市区町村,観光来訪者数,7,福島県,7522,小野町,8925
2024,7,市区町村,観光来訪者数,7,福島県,7541,広野町,2476
2024,7,市区町村,観光来訪者数,7,福島県,7542,楢葉町,49679
2024,7,市区町村,観光来訪者数,7,福島県,7543,富岡町,7878
2024,7,市区町村,観光来訪者数,7,福島県,7544,川内村,4146
2024,7,市区町村,観光来訪者数,7,福島県,7546,双葉町,8611
2024,7,市区町村,観光来訪者数,7,福島県,7547,浪江町,30918
2024,7,市区町村,観光来訪者数,7,福島県,7548,葛尾村,635
2024,7,市区町村,観光来訪者数,7,福島県,7561,新地町,6367
2024,7,市区町村,観光来訪者数,7,福島県,7564,飯舘村,21773
2024,7,市区町村,観光来訪者数,8,茨城県,8201,水戸市,131107
2024,7,市区町村,観光来訪者数,8,茨城県,8202,日立市,75969
2024,7,市区町村,観光来訪者数,8,茨城県,8203,土浦市,44362
2024,7,市区町村,観光来訪者数,8,茨城県,8204,古河市,53515
2024,7,市区町村,観光来訪者数,8,茨城県,8205,石岡市,44366
2024,7,市区町村,観光来訪者数,8,茨城県,8207,結城市,3107
2024,7,市区町村,観光来訪者数,8,茨城県,8208,龍ヶ崎市,17918
2024,7,市区町村,観光来訪者数,8,茨城県,8210,下妻市,62772
2024,7,市区町村,観光来訪者数,8,茨城県,8211,常総市,102491
2024,7,市区町村,観光来訪者数,8,茨城県,8212,常陸太田市,44050
2024,7,市区町村,観光来訪者数,8,茨城県,8214,高萩市,6610
2024,7,市区町村,観光来訪者数,8,茨城県,8215,北茨城市,79290
2024,7,市区町村,観光来訪者数,8,茨城県,8216,笠間市,119625
2024,7,市区町村,観光来訪者数,8,茨城県,8217,取手市,16863
2024,7,市区町村,観光来訪者数,8,茨城県,8219,牛久市,30236
2024,7,市区町村,観光来訪者数,8,茨城県,8220,つくば市,133446
2024,7,市区町村,観光来訪者数,8,茨城県,8221,ひたちなか市,225092
2024,7,市区町村,観光来訪者数,8,茨城県,8222,鹿嶋市,109908
2024,7,市区町村,観光来訪者数,8,茨城県,8223,潮来市,50596
2024,7,市区町村,観光来訪者数,8,茨城県,8224,守谷市,9742
2024,7,市区町村,観光来訪者数,8,茨城県,8225,常陸大宮市,94794
2024,7,市区町村,観光来訪者数,8,茨城県,8226,那珂市,21006
2024,7,市区町村,観光来訪者数,8,茨城県,8227,筑西市,69126
2024,7,市区町村,観光来訪者数,8,茨城県,8228,坂東市,32349
2024,7,市区町村,観光来訪者数,8,茨城県,8229,稲敷市,80649
2024,7,市区町村,観光来訪者数,8,茨城県,8230,かすみがうら市,31744
2024,7,市区町村,観光来訪者数,8,茨城県,8231,桜川市,51810
2024,7,市区町村,観光来訪者数,8,茨城県,8232,神栖市,40490
2024,7,市区町村,観光来訪者数,8,茨城県,8233,行方市,66865
2024,7,市区町村,観光来訪者数,8,茨城県,8234,鉾田市,29624
2024,7,市区町村,観光来訪者数,8,茨城県,8235,つくばみらい市,17533
2024,7,市区町村,観光来訪者数,8,茨城県,8236,小美玉市,25066
2024,7,市区町村,観光来訪者数,8,茨城県,8302,茨城町,18667
2024,7,市区町村,観光来訪者数,8,茨城県,8309,大洗町,189615
2024,7,市区町村,観光来訪者数,8,茨城県,8310,城里町,30037
2024,7,市区町村,観光来訪者数,8,茨城県,8341,東海村,10215
2024,7,市区町村,観光来訪者数,8,茨城県,8364,大子町,39563
2024,7,市区町村,観光来訪者数,8,茨城県,8442,美浦村,21350
2024,7,市区町村,観光来訪者数,8,茨城県,8443,阿見町,85047
2024,7,市区町村,観光来訪者数,8,茨城県,8447,河内町,1897
2024,7,市区町村,観光来訪者数,8,茨城県,8521,八千代町,2347
2024,7,市区町村,観光来訪者数,8,茨城県,8542,五霞町,37140
2024,7,市区町村,観光来訪者数,8,茨城県,8546,境町,15820
2024,7,市区町村,観光来訪者数,8,茨城県,8564,利根町,523
2024,7,市区町村,観光来訪者数,9,栃木県,9201,宇都宮市,275761
2024,7,市区町村,観光来訪者数,9,栃木県,9202,足利市,50555
2024,7,市区町村,観光来訪者数,9,栃木県,9203,栃木市,167460
2024,7,市区町村,観光来訪者数,9,栃木県,9204,佐野市,395026
2024,7,市区町村,観光来訪者数,9,栃木県,9205,鹿沼市,82063
2024,7,市区町村,観光来訪者数,9,栃木県,9206,日光市,315255
2024,7,市区町村,観光来訪者数,9,栃木県,9208,小山市,65207
2024,7,市区町村,観光来訪者数,9,栃木県,9209,真岡市,40747
2024,7,市区町村,観光来訪者数,9,栃木県,9210,大田原市,57041
2024,7,市区町村,観光来訪者数,9,栃木県,9211,矢板市,34129
2024,7,市区町村,観光来訪者数,9,栃木県,9213,那須塩原市,130599
2024,7,市区町村,観光来訪者数,9,栃木県,9214,さくら市,50166
2024,7,市区町村,観光来訪者数,9,栃木県,9215,那須烏山市,20312
2024,7,市区町村,観光来訪者数,9,栃木県,9216,下野市,30013
2024,7,市区町村,観光来訪者数,9,栃木県,9301,上三川町,2606
2024,7,市区町村,観光来訪者数,9,栃木県,9342,益子町,35656
2024,7,市区町村,観光来訪者数,9,栃木県,9343,茂木町,81846
2024,7,市区町村,観光来訪者数,9,栃木県,9344,市貝町,17703
2024,7,市区町村,観光来訪者数,9,栃木県,9345,芳賀町,13838
2024,7,市区町村,観光来訪者数,9,栃木県,9361,壬生町,70004
2024,7,市区町村,観光来訪者数,9,栃木県,9364,野木町,1233
2024,7,市区町村,観光来訪者数,9,栃木県,9384,塩谷町,27070
2024,7,市区町村,観光来訪者数,9,栃木県,9386,高根沢町,16487
2024,7,市区町村,観光来訪者数,9,栃木県,9407,那須町,593668
2024,7,市区町村,観光来訪者数,9,栃木県,9411,那珂川町,26265
2024,7,市区町村,観光来訪者数,10,群馬県,10201,前橋市,266727
2024,7,市区町村,観光来訪者数,10,群馬県,10202,高崎市,161766
2024,7,市区町村,観光来訪者数,10,群馬県,10203,桐生市,52461
2024,7,市区町村,観光来訪者数,10,群馬県,10204,伊勢崎市,21462
2024,7,市区町村,観光来訪者数,10,群馬県,10205,太田市,61059
2024,7,市区町村,観光来訪者数,10,群馬県,10206,沼田市,163781
2024,7,市区町村,観光来訪者数,10,群馬県,10207,館林市,30433
2024,7,市区町村,観光来訪者数,10,群馬県,10208,渋川市,147679
2024,7,市区町村,観光来訪者数,10,群馬県,10209,藤岡市,104481
2024,7,市区町村,観光来訪者数,10,群馬県,10210,富岡市,86517
2024,7,市区町村,観光来訪者数,10,群馬県,10211,安中市,224200
2024,7,市区町村,観光来訪者数,10,群馬県,10212,みどり市,38082
2024,7,市区町村,観光来訪者数,10,群馬県,10344,榛東村,5352
2024,7,市区町村,観光来訪者数,10,群馬県,10345,吉岡町,14432
2024,7,市区町村,観光来訪者数,10,群馬県,10366,上野村,27799
2024,7,市区町村,観光来訪者数,10,群馬県,10367,神流町,9004
2024,7,市区町村,観光来訪者数,10,群馬県,10382,下仁田町,51677
2024,7,市区町村,観光来訪者数,10,群馬県,10383,南牧村,4952
2024,7,市区町村,観光来訪者数,10,群馬県,10384,甘楽町,73597
2024,7,市区町村,観光来訪者数,10,群馬県,10421,中之条町,113123
2024,7,市区町村,観光来訪者数,10,群馬県,10424,長野原町,91129
2024,7,市区町村,観光来訪者数,10,群馬県,10425,嬬恋村,144395
2024,7,市区町村,観光来訪者数,10,群馬県,10426,草津町,115149
2024,7,市区町村,観光来訪者数,10,群馬県,10428,高山村,33249
2024,7,市区町村,観光来訪者数,10,群馬県,10429,東吾妻町,44497
2024,7,市区町村,観光来訪者数,10,群馬県,10443,片品村,108692
2024,7,市区町村,観光来訪者数,10,群馬県,10444,川場村,114679
2024,7,市区町村,観光来訪者数,10,群馬県,10448,昭和村,33880
2024,7,市区町村,観光来訪者数,10,群馬県,10449,みなかみ町,222412
2024,7,市区町村,観光来訪者数,10,群馬県,10464,玉村町,25342
2024,7,市区町村,観光来訪者数,10,群馬県,10521,板倉町,4167
2024,7,市区町村,観光来訪者数,10,群馬県,10522,明和町,691
2024,7,市区町村,観光来訪者数,10,群馬県,10523,千代田町,2181
2024,7,市区町村,観光来訪者数,10,群馬県,10524,大泉町,2609
2024,7,市区町村,観光来訪者数,10,群馬県,10525,邑楽町,1416
2024,7,市区町村,観光来訪者数,11,埼玉県,11101,さいたま市西区,35426
2024,7,市区町村,観光来訪者数,11,埼玉県,11102,さいたま市北区,24159
2024,7,市区町村,観光来訪者数,11,埼玉県,11103,さいたま市大宮区,172225
2024,7,市区町村,観光来訪者数,11,埼玉県,11104,さいたま市見沼区,8739
2024,7,市区町村,観光来訪者数,11,埼玉県,11105,さいたま市中央区,175117
2024,7,市区町村,観光来訪者数,11,埼玉県,11106,さいたま市桜区,17642
2024,7,市区町村,観光来訪者数,11,埼玉県,11107,さいたま市浦和区,46507
2024,7,市区町村,観光来訪者数,11,埼玉県,11108,さいたま市南区,41227
2024,7,市区町村,観光来訪者数,11,埼玉県,11109,さいたま市緑区,47450
2024,7,市区町村,観光来訪者数,11,埼玉県,11110,さいたま市岩槻区,6942
2024,7,市区町村,観光来訪者数,11,埼玉県,11201,川越市,236357
2024,7,市区町村,観光来訪者数,11,埼玉県,11202,熊谷市,73952
2024,7,市区町村,観光来訪者数,11,埼玉県,11203,川口市,51339
2024,7,市区町村,観光来訪者数,11,埼玉県,11206,行田市,56576
2024,7,市区町村,観光来訪者数,11,埼玉県,11207,秩父市,127052
2024,7,市区町村,観光来訪者数,11,埼玉県,11208,所沢市,270064
2024,7,市区町村,観光来訪者数,11,埼玉県,11209,飯能市,90806
2024,7,市区町村,観光来訪者数,11,埼玉県,11210,加須市,37853
2024,7,市区町村,観光来訪者数,11,埼玉県,11211,本庄市,33933
2024,7,市区町村,観光来訪者数,11,埼玉県,11212,東松山市,36679
2024,7,市区町村,観光来訪者数,11,埼玉県,11214,春日部市,83324
2024,7,市区町村,観光来訪者数,11,埼玉県,11215,狭山市,16781
2024,7,市区町村,観光来訪者数,11,埼玉県,11216,羽生市,44063
2024,7,市区町村,観光来訪者数,11,埼玉県,11217,鴻巣市,18217
2024,7,市区町村,観光来訪者数,11,埼玉県,11218,深谷市,197013
2024,7,市区町村,観光来訪者数,11,埼玉県,11219,上尾市,30241
2024,7,市区町村,観光来訪者数,11,埼玉県,11221,草加市,9528
2024,7,市区町村,観光来訪者数,11,埼玉県,11222,越谷市,40342
2024,7,市区町村,観光来訪者数,11,埼玉県,11223,蕨市,3058
2024,7,市区町村,観光来訪者数,11,埼玉県,11224,戸田市,36895
2024,7,市区町村,観光来訪者数,11,埼玉県,11225,入間市,97752
2024,7,市区町村,観光来訪者数,11,埼玉県,11227,朝霞市,8238
2024,7,市区町村,観光来訪者数,11,埼玉県,11228,志木市,913
2024,7,市区町村,観光来訪者数,11,埼玉県,11229,和光市,14339
2024,7,市区町村,観光来訪者数,11,埼玉県,11230,新座市,2637
2024,7,市区町村,観光来訪者数,11,埼玉県,11231,桶川市,6801
2024,7,市区町村,観光来訪者数,11,埼玉県,11232,久喜市,13529
2024,7,市区町村,観光来訪者数,11,埼玉県,11233,北本市,15958
2024,7,市区町村,観光来訪者数,11,埼玉県,11234,八潮市,2845
2024,7,市区町村,観光来訪者数,11,埼玉県,11235,富士見市,3745
2024,7,市区町村,観光来訪者数,11,埼玉県,11237,三郷市,146391
2024,7,市区町村,観光来訪者数,11,埼玉県,11238,蓮田市,3071
2024,7,市区町村,観光来訪者数,11,埼玉県,11239,坂戸市,7532
2024,7,市区町村,観光来訪者数,11,埼玉県,11240,幸手市,9030
2024,7,市区町村,観光来訪者数,11,埼玉県,11241,鶴ヶ島市,6665
2024,7,市区町村,観光来訪者数,11,埼玉県,11242,日高市,43430
2024,7,市区町村,観光来訪者数,11,埼玉県,11243,吉川市,5283
2024,7,市区町村,観光来訪者数,11,埼玉県,11245,ふじみ野市,3547
2024,7,市区町村,観光来訪者数,11,埼玉県,11246,白岡市,26087
2024,7,市区町村,観光来訪者数,11,埼玉県,11301,伊奈町,230
2024,7,市区町村,観光来訪者数,11,埼玉県,11324,三芳町,2707
2024,7,市区町村,観光来訪者数,11,埼玉県,11326,毛呂山町,15931
2024,7,市区町村,観光来訪者数,11,埼玉県,11327,越生町,23717
2024,7,市区町村,観光来訪者数,11,埼玉県,11341,滑川町,16105
2024,7,市区町村,観光来訪者数,11,埼玉県,11342,嵐山町,18972
2024,7,市区町村,観光来訪者数,11,埼玉県,11343,小川町,33271
2024,7,市区町村,観光来訪者数,11,埼玉県,11346,川島町,6022
2024,7,市区町村,観光来訪者数,11,埼玉県,11347,吉見町,19187
2024,7,市区町村,観光来訪者数,11,埼玉県,11348,鳩山町,12035
2024,7,市区町村,観光来訪者数,11,埼玉県,11349,ときがわ町,32955
2024,7,市区町村,観光来訪者数,11,埼玉県,11361,横瀬町,27370
2024,7,市区町村,観光来訪者数,11,埼玉県,11362,皆野町,30623
2024,7,市区町村,観光来訪者数,11,埼玉県,11363,長瀞町,39805
2024,7,市区町村,観光来訪者数,11,埼玉県,11365,小鹿野町,8573
2024,7,市区町村,観光来訪者数,11,埼玉県,11369,東秩父村,11205
2024,7,市区町村,観光来訪者数,11,埼玉県,11381,美里町,13811
2024,7,市区町村,観光来訪者数,11,埼玉県,11383,神川町,29819
2024,7,市区町村,観光来訪者数,11,埼玉県,11385,上里町,267363
2024,7,市区町村,観光来訪者数,11,埼玉県,11408,寄居町,31608
2024,7,市区町村,観光来訪者数,11,埼玉県,11442,宮代町,2111
2024,7,市区町村,観光来訪者数,11,埼玉県,11464,杉戸町,26076
2024,7,市区町村,観光来訪者数,11,埼玉県,11465,松伏町,1427
2024,7,市区町村,観光来訪者数,12,千葉県,12101,千葉市中央区,103365
2024,7,市区町村,観光来訪者数,12,千葉県,12102,千葉市花見川区,7030
2024,7,市区町村,観光来訪者数,12,千葉県,12103,千葉市稲毛区,37074
2024,7,市区町村,観光来訪者数,12,千葉県,12104,千葉市若葉区,14763
2024,7,市区町村,観光来訪者数,12,千葉県,12105,千葉市緑区,33602
2024,7,市区町村,観光来訪者数,12,千葉県,12106,千葉市美浜区,407718
2024,7,市区町村,観光来訪者数,12,千葉県,12202,銚子市,12453
2024,7,市区町村,観光来訪者数,12,千葉県,12203,市川市,76734
2024,7,市区町村,観光来訪者数,12,千葉県,12204,船橋市,29967
2024,7,市区町村,観光来訪者数,12,千葉県,12205,館山市,56664
2024,7,市区町村,観光来訪者数,12,千葉県,12206,木更津市,89137
2024,7,市区町村,観光来訪者数,12,千葉県,12207,松戸市,32982
2024,7,市区町村,観光来訪者数,12,千葉県,12208,野田市,57909
2024,7,市区町村,観光来訪者数,12,千葉県,12210,茂原市,36554
2024,7,市区町村,観光来訪者数,12,千葉県,12211,成田市,166941
2024,7,市区町村,観光来訪者数,12,千葉県,12212,佐倉市,44171
2024,7,市区町村,観光来訪者数,12,千葉県,12213,東金市,38877
2024,7,市区町村,観光来訪者数,12,千葉県,12215,旭市,31358
2024,7,市区町村,観光来訪者数,12,千葉県,12216,習志野市,19435
2024,7,市区町村,観光来訪者数,12,千葉県,12217,柏市,83726
2024,7,市区町村,観光来訪者数,12,千葉県,12218,勝浦市,56160
2024,7,市区町村,観光来訪者数,12,千葉県,12219,市原市,204312
2024,7,市区町村,観光来訪者数,12,千葉県,12220,流山市,16186
2024,7,市区町村,観光来訪者数,12,千葉県,12221,八千代市,16599
2024,7,市区町村,観光来訪者数,12,千葉県,12222,我孫子市,12714
2024,7,市区町村,観光来訪者数,12,千葉県,12223,鴨川市,127695
2024,7,市区町村,観光来訪者数,12,千葉県,12224,鎌ヶ谷市,9172
2024,7,市区町村,観光来訪者数,12,千葉県,12225,君津市,62560
2024,7,市区町村,観光来訪者数,12,千葉県,12226,富津市,80467
2024,7,市区町村,観光来訪者数,12,千葉県,12227,浦安市,931293
2024,7,市区町村,観光来訪者数,12,千葉県,12228,四街道市,2683
2024,7,市区町村,観光来訪者数,12,千葉県,12229,袖ヶ浦市,49405
2024,7,市区町村,観光来訪者数,12,千葉県,12230,八街市,4159
2024,7,市区町村,観光来訪者数,12,千葉県,12231,印西市,20996
2024,7,市区町村,観光来訪者数,12,千葉県,12232,白井市,3608
2024,7,市区町村,観光来訪者数,12,千葉県,12233,富里市,5959
2024,7,市区町村,観光来訪者数,12,千葉県,12234,南房総市,120243
2024,7,市区町村,観光来訪者数,12,千葉県,12235,匝瑳市,10769
2024,7,市区町村,観光来訪者数,12,千葉県,12236,香取市,118666
2024,7,市区町村,観光来訪者数,12,千葉県,12237,山武市,38499
2024,7,市区町村,観光来訪者数,12,千葉県,12238,いすみ市,21791
2024,7,市区町村,観光来訪者数,12,千葉県,12239,大網白里市,12929
2024,7,市区町村,観光来訪者数,12,千葉県,12322,酒々井町,612
2024,7,市区町村,観光来訪者数,12,千葉県,12329,栄町,4164
2024,7,市区町村,観光来訪者数,12,千葉県,12342,神崎町,59001
2024,7,市区町村,観光来訪者数,12,千葉県,12347,多古町,28815
2024,7,市区町村,観光来訪者数,12,千葉県,12349,東庄町,3514
2024,7,市区町村,観光来訪者数,12,千葉県,12403,九十九里町,12642
2024,7,市区町村,観光来訪者数,12,千葉県,12409,芝山町,50527
2024,7,市区町村,観光来訪者数,12,千葉県,12410,横芝光町,5548
2024,7,市区町村,観光来訪者数,12,千葉県,12421,一宮町,8612
2024,7,市区町村,観光来訪者数,12,千葉県,12422,睦沢町,31639
2024,7,市区町村,観光来訪者数,12,千葉県,12423,長生村,7589
2024,7,市区町村,観光来訪者数,12,千葉県,12424,白子町,7364
2024,7,市区町村,観光来訪者数,12,千葉県,12426,長柄町,26893
2024,7,市区町村,観光来訪者数,12,千葉県,12427,長南町,38879
2024,7,市区町村,観光来訪者数,12,千葉県,12441,大多喜町,63944
2024,7,市区町村,観光来訪者数,12,千葉県,12443,御宿町,24537
2024,7,市区町村,観光来訪者数,12,千葉県,12463,鋸南町,55732
2024,7,市区町村,観光来訪者数,13,東京都,13101,千代田区,2887143
2024,7,市区町村,観光来訪者数,13,東京都,13102,中央区,1713175
2024,7,市区町村,観光来訪者数,13,東京都,13103,港区,2264693
2024,7,市区町村,観光来訪者数,13,東京都,13104,新宿区,2286636
2024,7,市区町村,観光来訪者数,13,東京都,13105,文京区,1248607
2024,7,市区町村,観光来訪者数,13,東京都,13106,台東区,1339743
2024,7,市区町村,観光来訪者数,13,東京都,13107,墨田区,617159
2024,7,市区町村,観光来訪者数,13,東京都,13108,江東区,1868445
2024,7,市区町村,観光来訪者数,13,東京都,13109,品川区,420793
2024,7,市区町村,観光来訪者数,13,東京都,13110,目黒区,220218
2024,7,市区町村,観光来訪者数,13,東京都,13111,大田区,519620
2024,7,市区町村,観光来訪者数,13,東京都,13112,世田谷区,186108
2024,7,市区町村,観光来訪者数,13,東京都,13113,渋谷区,2109613
2024,7,市区町村,観光来訪者数,13,東京都,13114,中野区,178955
2024,7,市区町村,観光来訪者数,13,東京都,13115,杉並区,50241
2024,7,市区町村,観光来訪者数,13,東京都,13116,豊島区,2043860
2024,7,市区町村,観光来訪者数,13,東京都,13117,北区,85528
2024,7,市区町村,観光来訪者数,13,東京都,13118,荒川区,54487
2024,7,市区町村,観光来訪者数,13,東京都,13119,板橋区,37142
2024,7,市区町村,観光来訪者数,13,東京都,13120,練馬区,113099
2024,7,市区町村,観光来訪者数,13,東京都,13121,足立区,72020
2024,7,市区町村,観光来訪者数,13,東京都,13122,葛飾区,57883
2024,7,市区町村,観光来訪者数,13,東京都,13123,江戸川区,139684
2024,7,市区町村,観光来訪者数,13,東京都,13201,八王子市,185267
2024,7,市区町村,観光来訪者数,13,東京都,13202,立川市,116821
2024,7,市区町村,観光来訪者数,13,東京都,13203,武蔵野市,108400
2024,7,市区町村,観光来訪者数,13,東京都,13204,三鷹市,34575
2024,7,市区町村,観光来訪者数,13,東京都,13205,青梅市,26244
2024,7,市区町村,観光来訪者数,13,東京都,13206,府中市,78222
2024,7,市区町村,観光来訪者数,13,東京都,13207,昭島市,20746
2024,7,市区町村,観光来訪者数,13,東京都,13208,調布市,106052
2024,7,市区町村,観光来訪者数,13,東京都,13209,町田市,132181
2024,7,市区町村,観光来訪者数,13,東京都,13210,小金井市,7163
2024,7,市区町村,観光来訪者数,13,東京都,13211,小平市,18433
2024,7,市区町村,観光来訪者数,13,東京都,13212,日野市,31039
2024,7,市区町村,観光来訪者数,13,東京都,13213,東村山市,3464
2024,7,市区町村,観光来訪者数,13,東京都,13214,国分寺市,7058
2024,7,市区町村,観光来訪者数,13,東京都,13215,国立市,16516
2024,7,市区町村,観光来訪者数,13,東京都,13218,福生市,2220
2024,7,市区町村,観光来訪者数,13,東京都,13219,狛江市,11717
2024,7,市区町村,観光来訪者数,13,東京都,13220,東大和市,12318
2024,7,市区町村,観光来訪者数,13,東京都,13221,清瀬市,3910
2024,7,市区町村,観光来訪者数,13,東京都,13222,東久留米市,14889
2024,7,市区町村,観光来訪者数,13,東京都,13223,武蔵村山市,3383
2024,7,市区町村,観光来訪者数,13,東京都,13224,多摩市,84233
2024,7,市区町村,観光来訪者数,13,東京都,13225,稲城市,38431
2024,7,市区町村,観光来訪者数,13,東京都,13227,羽村市,1916
2024,7,市区町村,観光来訪者数,13,東京都,13228,あきる野市,76417
2024,7,市区町村,観光来訪者数,13,東京都,13229,西東京市,12945
2024,7,市区町村,観光来訪者数,13,東京都,13303,瑞穂町,1706
2024,7,市区町村,観光来訪者数,13,東京都,13305,日の出町,6032
2024,7,市区町村,観光来訪者数,13,東京都,13307,檜原村,19807
2024,7,市区町村,観光来訪者数,13,東京都,13308,奥多摩町,19440
2024,7,市区町村,観光来訪者数,13,東京都,13361,大島町,11788
2024,7,市区町村,観光来訪者数,13,東京都,13363,新島村,3364
2024,7,市区町村,観光来訪者数,13,東京都,13364,神津島村,3654
2024,7,市区町村,観光来訪者数,13,東京都,13381,三宅村,667
2024,7,市区町村,観光来訪者数,13,東京都,13401,八丈町,13525
2024,7,市区町村,観光来訪者数,13,東京都,13402,青ヶ島村,132
2024,7,市区町村,観光来訪者数,13,東京都,13421,小笠原村,3628
2024,7,市区町村,観光来訪者数,14,神奈川県,14101,横浜市鶴見区,30715
2024,7,市区町村,観光来訪者数,14,神奈川県,14102,横浜市神奈川区,28638
2024,7,市区町村,観光来訪者数,14,神奈川県,14103,横浜市西区,504755
2024,7,市区町村,観光来訪者数,14,神奈川県,14104,横浜市中区,845495
2024,7,市区町村,観光来訪者数,14,神奈川県,14105,横浜市南区,11503
2024,7,市区町村,観光来訪者数,14,神奈川県,14106,横浜市保土ヶ谷区,29484
2024,7,市区町村,観光来訪者数,14,神奈川県,14107,横浜市磯子区,29028
2024,7,市区町村,観光来訪者数,14,神奈川県,14108,横浜市金沢区,91614
2024,7,市区町村,観光来訪者数,14,神奈川県,14109,横浜市港北区,245568
2024,7,市区町村,観光来訪者数,14,神奈川県,14110,横浜市戸塚区,16155
2024,7,市区町村,観光来訪者数,14,神奈川県,14111,横浜市港南区,12492
2024,7,市区町村,観光来訪者数,14,神奈川県,14112,横浜市旭区,14867
2024,7,市区町村,観光来訪者数,14,神奈川県,14113,横浜市緑区,4090
2024,7,市区町村,観光来訪者数,14,神奈川県,14114,横浜市瀬谷区,2668
2024,7,市区町村,観光来訪者数,14,神奈川県,14115,横浜市栄区,8790
2024,7,市区町村,観光来訪者数,14,神奈川県,14116,横浜市泉区,2824
2024,7,市区町村,観光来訪者数,14,神奈川県,14117,横浜市青葉区,20371
2024,7,市区町村,観光来訪者数,14,神奈川県,14118,横浜市都筑区,11724
2024,7,市区町村,観光来訪者数,14,神奈川県,14131,川崎市川崎区,634905
2024,7,市区町村,観光来訪者数,14,神奈川県,14132,川崎市幸区,398740
2024,7,市区町村,観光来訪者数,14,神奈川県,14133,川崎市中原区,47569
2024,7,市区町村,観光来訪者数,14,神奈川県,14134,川崎市高津区,6614
2024,7,市区町村,観光来訪者数,14,神奈川県,14135,川崎市多摩区,57187
2024,7,市区町村,観光来訪者数,14,神奈川県,14136,川崎市宮前区,11381
2024,7,市区町村,観光来訪者数,14,神奈川県,14137,川崎市麻生区,4176
2024,7,市区町村,観光来訪者数,14,神奈川県,14151,相模原市緑区,104576
2024,7,市区町村,観光来訪者数,14,神奈川県,14152,相模原市中央区,28486
2024,7,市区町村,観光来訪者数,14,神奈川県,14153,相模原市南区,24182
2024,7,市区町村,観光来訪者数,14,神奈川県,14201,横須賀市,251462
2024,7,市区町村,観光来訪者数,14,神奈川県,14203,平塚市,72350
2024,7,市区町村,観光来訪者数,14,神奈川県,14204,鎌倉市,193216
2024,7,市区町村,観光来訪者数,14,神奈川県,14205,藤沢市,192686
2024,7,市区町村,観光来訪者数,14,神奈川県,14206,小田原市,146131
2024,7,市区町村,観光来訪者数,14,神奈川県,14207,茅ヶ崎市,41266
2024,7,市区町村,観光来訪者数,14,神奈川県,14208,逗子市,24569
2024,7,市区町村,観光来訪者数,14,神奈川県,14210,三浦市,81856
2024,7,市区町村,観光来訪者数,14,神奈川県,14211,秦野市,68017
2024,7,市区町村,観光来訪者数,14,神奈川県,14212,厚木市,66144
2024,7,市区町村,観光来訪者数,14,神奈川県,14213,大和市,12269
2024,7,市区町村,観光来訪者数,14,神奈川県,14214,伊勢原市,30886
2024,7,市区町村,観光来訪者数,14,神奈川県,14215,海老名市,578752
2024,7,市区町村,観光来訪者数,14,神奈川県,14216,座間市,8278
2024,7,市区町村,観光来訪者数,14,神奈川県,14217,南足柄市,8355
2024,7,市区町村,観光来訪者数,14,神奈川県,14218,綾瀬市,6165
2024,7,市区町村,観光来訪者数,14,神奈川県,14301,葉山町,42820
2024,7,市区町村,観光来訪者数,14,神奈川県,14321,寒川町,15882
2024,7,市区町村,観光来訪者数,14,神奈川県,14341,大磯町,57383
2024,7,市区町村,観光来訪者数,14,神奈川県,14342,二宮町,9902
2024,7,市区町村,観光来訪者数,14,神奈川県,14361,中井町,6419
2024,7,市区町村,観光来訪者数,14,神奈川県,14362,大井町,1852
2024,7,市区町村,観光来訪者数,14,神奈川県,14363,松田町,26502
2024,7,市区町村,観光来訪者数,14,神奈川県,14364,山北町,25663
2024,7,市区町村,観光来訪者数,14,神奈川県,14366,開成町,1790
2024,7,市区町村,観光来訪者数,14,神奈川県,14382,箱根町,277489
2024,7,市区町村,観光来訪者数,14,神奈川県,14383,真鶴町,12767
2024,7,市区町村,観光来訪者数,14,神奈川県,14384,湯河原町,16646
2024,7,市区町村,観光来訪者数,14,神奈川県,14401,愛川町,32011
2024,7,市区町村,観光来訪者数,14,神奈川県,14402,清川村,20087
2024,7,市区町村,観光来訪者数,15,新潟県,15101,新潟市北区,102354
2024,7,市区町村,観光来訪者数,15,新潟県,15102,新潟市東区,23760
2024,7,市区町村,観光来訪者数,15,新潟県,15103,新潟市中央区,297385
2024,7,市区町村,観光来訪者数,15,新潟県,15104,新潟市江南区,3694
2024,7,市区町村,観光来訪者数,15,新潟県,15105,新潟市秋葉区,26258
2024,7,市区町村,観光来訪者数,15,新潟県,15106,新潟市南区,2734
2024,7,市区町村,観光来訪者数,15,新潟県,15107,新潟市西区,70115
2024,7,市区町村,観光来訪者数,15,新潟県,15108,新潟市西蒲区,36547
2024,7,市区町村,観光来訪者数,15,新潟県,15202,長岡市,179618
2024,7,市区町村,観光来訪者数,15,新潟県,15204,三条市,58805
2024,7,市区町村,観光来訪者数,15,新潟県,15205,柏崎市,90039
2024,7,市区町村,観光来訪者数,15,新潟県,15206,新発田市,72819
2024,7,市区町村,観光来訪者数,15,新潟県,15208,小千谷市,23242
2024,7,市区町村,観光来訪者数,15,新潟県,15209,加茂市,5869
2024,7,市区町村,観光来訪者数,15,新潟県,15210,十日町市,60865
2024,7,市区町村,観光来訪者数,15,新潟県,15211,見附市,4168
2024,7,市区町村,観光来訪者数,15,新潟県,15212,村上市,93520
2024,7,市区町村,観光来訪者数,15,新潟県,15213,燕市,46055
2024,7,市区町村,観光来訪者数,15,新潟県,15216,糸魚川市,94132
2024,7,市区町村,観光来訪者数,15,新潟県,15217,妙高市,118903
2024,7,市区町村,観光来訪者数,15,新潟県,15218,五泉市,17326
2024,7,市区町村,観光来訪者数,15,新潟県,15222,上越市,150182
2024,7,市区町村,観光来訪者数,15,新潟県,15223,阿賀野市,13994
2024,7,市区町村,観光来訪者数,15,新潟県,15224,佐渡市,53973
2024,7,市区町村,観光来訪者数,15,新潟県,15225,魚沼市,34262
2024,7,市区町村,観光来訪者数,15,新潟県,15226,南魚沼市,74535
2024,7,市区町村,観光来訪者数,15,新潟県,15227,胎内市,16218
2024,7,市区町村,観光来訪者数,15,新潟県,15307,聖籠町,26400
2024,7,市区町村,観光来訪者数,15,新潟県,15342,弥彦村,14951
2024,7,市区町村,観光来訪者数,15,新潟県,15361,田上町,7821
2024,7,市区町村,観光来訪者数,15,新潟県,15385,阿賀町,21124
2024,7,市区町村,観光来訪者数,15,新潟県,15405,出雲崎町,2650
2024,7,市区町村,観光来訪者数,15,新潟県,15461,湯沢町,137748
2024,7,市区町村,観光来訪者数,15,新潟県,15482,津南町,6654
2024,7,市区町村,観光来訪者数,15,新潟県,15504,刈羽村,9229
2024,7,市区町村,観光来訪者数,15,新潟県,15581,関川村,32963
2024,7,市区町村,観光来訪者数,16,富山県,16201,富山市,410030
2024,7,市区町村,観光来訪者数,16,富山県,16202,高岡市,81030
2024,7,市区町村,観光来訪者数,16,富山県,16204,魚津市,122329
2024,7,市区町村,観光来訪者数,16,富山県,16205,氷見市,56386
2024,7,市区町村,観光来訪者数,16,富山県,16206,滑川市,9147
2024,7,市区町村,観光来訪者数,16,富山県,16207,黒部市,124784
2024,7,市区町村,観光来訪者数,16,富山県,16208,砺波市,18705
2024,7,市区町村,観光来訪者数,16,富山県,16209,小矢部市,93129
2024,7,市区町村,観光来訪者数,16,富山県,16210,南砺市,63712
2024,7,市区町村,観光来訪者数,16,富山県,16211,射水市,50741
2024,7,市区町村,観光来訪者数,16,富山県,16321,舟橋村,210
2024,7,市区町村,観光来訪者数,16,富山県,16322,上市町,12532
2024,7,市区町村,観光来訪者数,16,富山県,16323,立山町,65885
2024,7,市区町村,観光来訪者数,16,富山県,16342,入善町,5251
2024,7,市区町村,観光来訪者数,16,富山県,16343,朝日町,7592
2024,7,市区町村,観光来訪者数,17,石川県,17201,金沢市,450532
2024,7,市区町村,観光来訪者数,17,石川県,17202,七尾市,47492
2024,7,市区町村,観光来訪者数,17,石川県,17203,小松市,76344
2024,7,市区町村,観光来訪者数,17,石川県,17204,輪島市,19739
2024,7,市区町村,観光来訪者数,17,石川県,17205,珠洲市,28433
2024,7,市区町村,観光来訪者数,17,石川県,17206,加賀市,70528
2024,7,市区町村,観光来訪者数,17,石川県,17207,羽咋市,59454
2024,7,市区町村,観光来訪者数,17,石川県,17209,かほく市,46251
2024,7,市区町村,観光来訪者数,17,石川県,17210,白山市,73327
2024,7,市区町村,観光来訪者数,17,石川県,17211,能美市,26241
2024,7,市区町村,観光来訪者数,17,石川県,17212,野々市市,2490
2024,7,市区町村,観光来訪者数,17,石川県,17324,川北町,4155
2024,7,市区町村,観光来訪者数,17,石川県,17361,津幡町,10846
2024,7,市区町村,観光来訪者数,17,石川県,17365,内灘町,7664
2024,7,市区町村,観光来訪者数,17,石川県,17384,志賀町,21486
2024,7,市区町村,観光来訪者数,17,石川県,17386,宝達志水町,18180
2024,7,市区町村,観光来訪者数,17,石川県,17407,中能登町,10014
2024,7,市区町村,観光来訪者数,17,石川県,17461,穴水町,17016
2024,7,市区町村,観光来訪者数,17,石川県,17463,能登町,23640
2024,7,市区町村,観光来訪者数,18,福井県,18201,福井市,102876
2024,7,市区町村,観光来訪者数,18,福井県,18202,敦賀市,59491
2024,7,市区町村,観光来訪者数,18,福井県,18204,小浜市,35924
2024,7,市区町村,観光来訪者数,18,福井県,18205,大野市,28251
2024,7,市区町村,観光来訪者数,18,福井県,18206,勝山市,134944
2024,7,市区町村,観光来訪者数,18,福井県,18207,鯖江市,21227
2024,7,市区町村,観光来訪者数,18,福井県,18208,あわら市,26339
2024,7,市区町村,観光来訪者数,18,福井県,18209,越前市,52971
2024,7,市区町村,観光来訪者数,18,福井県,18210,坂井市,148306
2024,7,市区町村,観光来訪者数,18,福井県,18322,永平寺町,54305
2024,7,市区町村,観光来訪者数,18,福井県,18382,池田町,4469
2024,7,市区町村,観光来訪者数,18,福井県,18404,南越前町,18858
2024,7,市区町村,観光来訪者数,18,福井県,18423,越前町,22846
2024,7,市区町村,観光来訪者数,18,福井県,18442,美浜町,16804
2024,7,市区町村,観光来訪者数,18,福井県,18481,高浜町,44569
2024,7,市区町村,観光来訪者数,18,福井県,18483,おおい町,29901
2024,7,市区町村,観光来訪者数,18,福井県,18501,若狭町,36127
2024,7,市区町村,観光来訪者数,19,山梨県,19201,甲府市,152123
2024,7,市区町村,観光来訪者数,19,山梨県,19202,富士吉田市,220001
2024,7,市区町村,観光来訪者数,19,山梨県,19204,都留市,77386
2024,7,市区町村,観光来訪者数,19,山梨県,19205,山梨市,90511
2024,7,市区町村,観光来訪者数,19,山梨県,19206,大月市,16908
2024,7,市区町村,観光来訪者数,19,山梨県,19207,韮崎市,13410
2024,7,市区町村,観光来訪者数,19,山梨県,19208,南アルプス市,23926
2024,7,市区町村,観光来訪者数,19,山梨県,19209,北杜市,226115
2024,7,市区町村,観光来訪者数,19,山梨県,19210,甲斐市,13439
2024,7,市区町村,観光来訪者数,19,山梨県,19211,笛吹市,117982
2024,7,市区町村,観光来訪者数,19,山梨県,19212,上野原市,25235
2024,7,市区町村,観光来訪者数,19,山梨県,19213,甲州市,95565
2024,7,市区町村,観光来訪者数,19,山梨県,19214,中央市,23570
2024,7,市区町村,観光来訪者数,19,山梨県,19346,市川三郷町,21217
2024,7,市区町村,観光来訪者数,19,山梨県,19364,早川町,4355
2024,7,市区町村,観光来訪者数,19,山梨県,19365,身延町,61504
2024,7,市区町村,観光来訪者数,19,山梨県,19366,南部町,16838
2024,7,市区町村,観光来訪者数,19,山梨県,19368,富士川町,53066
2024,7,市区町村,観光来訪者数,19,山梨県,19384,昭和町,4259
2024,7,市区町村,観光来訪者数,19,山梨県,19422,道志村,39043
2024,7,市区町村,観光来訪者数,19,山梨県,19423,西桂町,497
2024,7,市区町村,観光来訪者数,19,山梨県,19424,忍野村,19483
2024,7,市区町村,観光来訪者数,19,山梨県,19425,山中湖村,46514
2024,7,市区町村,観光来訪者数,19,山梨県,19429,鳴沢村,37975
2024,7,市区町村,観光来訪者数,19,山梨県,19430,富士河口湖町,139114
2024,7,市区町村,観光来訪者数,19,山梨県,19442,小菅村,19087
2024,7,市区町村,観光来訪者数,19,山梨県,19443,丹波山村,15415
2024,7,市区町村,観光来訪者数,20,長野県,20201,長野市,322154
2024,7,市区町村,観光来訪者数,20,長野県,20202,松本市,466379
2024,7,市区町村,観光来訪者数,20,長野県,20203,上田市,158240
2024,7,市区町村,観光来訪者数,20,長野県,20204,岡谷市,22111
2024,7,市区町村,観光来訪者数,20,長野県,20205,飯田市,27606
2024,7,市区町村,観光来訪者数,20,長野県,20206,諏訪市,335949
2024,7,市区町村,観光来訪者数,20,長野県,20207,須坂市,22152
2024,7,市区町村,観光来訪者数,20,長野県,20208,小諸市,25929
2024,7,市区町村,観光来訪者数,20,長野県,20209,伊那市,51263
2024,7,市区町村,観光来訪者数,20,長野県,20210,駒ヶ根市,215765
2024,7,市区町村,観光来訪者数,20,長野県,20211,中野市,20372
2024,7,市区町村,観光来訪者数,20,長野県,20212,大町市,67219
2024,7,市区町村,観光来訪者数,20,長野県,20213,飯山市,22078
2024,7,市区町村,観光来訪者数,20,長野県,20214,茅野市,88448
2024,7,市区町村,観光来訪者数,20,長野県,20215,塩尻市,32823
2024,7,市区町村,観光来訪者数,20,長野県,20217,佐久市,83000
2024,7,市区町村,観光来訪者数,20,長野県,20218,千曲市,81030
2024,7,市区町村,観光来訪者数,20,長野県,20219,東御市,67011
2024,7,市区町村,観光来訪者数,20,長野県,20220,安曇野市,110066
2024,7,市区町村,観光来訪者数,20,長野県,20303,小海町,21565
2024,7,市区町村,観光来訪者数,20,長野県,20304,川上村,5698
2024,7,市区町村,観光来訪者数,20,長野県,20305,南牧村,24636
2024,7,市区町村,観光来訪者数,20,長野県,20306,南相木村,5993
2024,7,市区町村,観光来訪者数,20,長野県,20309,佐久穂町,1878
2024,7,市区町村,観光来訪者数,20,長野県,20321,軽井沢町,419771
2024,7,市区町村,観光来訪者数,20,長野県,20323,御代田町,4674
2024,7,市区町村,観光来訪者数,20,長野県,20324,立科町,118107
2024,7,市区町村,観光来訪者数,20,長野県,20349,青木村,9134
2024,7,市区町村,観光来訪者数,20,長野県,20350,長和町,36630
2024,7,市区町村,観光来訪者数,20,長野県,20361,下諏訪町,33102
2024,7,市区町村,観光来訪者数,20,長野県,20362,富士見町,66970
2024,7,市区町村,観光来訪者数,20,長野県,20363,原村,25737
2024,7,市区町村,観光来訪者数,20,長野県,20382,辰野町,2298
2024,7,市区町村,観光来訪者数,20,長野県,20383,箕輪町,7576
2024,7,市区町村,観光来訪者数,20,長野県,20384,飯島町,24514
2024,7,市区町村,観光来訪者数,20,長野県,20385,南箕輪村,23453
2024,7,市区町村,観光来訪者数,20,長野県,20388,宮田村,3490
2024,7,市区町村,観光来訪者数,20,長野県,20402,松川町,2969
2024,7,市区町村,観光来訪者数,20,長野県,20403,高森町,3522
2024,7,市区町村,観光来訪者数,20,長野県,20404,阿南町,26309
2024,7,市区町村,観光来訪者数,20,長野県,20407,阿智村,27424
2024,7,市区町村,観光来訪者数,20,長野県,20409,平谷村,18919
2024,7,市区町村,観光来訪者数,20,長野県,20410,根羽村,883
2024,7,市区町村,観光来訪者数,20,長野県,20411,下條村,3783
2024,7,市区町村,観光来訪者数,20,長野県,20413,天龍村,5621
2024,7,市区町村,観光来訪者数,20,長野県,20414,泰阜村,233
2024,7,市区町村,観光来訪者数,20,長野県,20415,喬木村,171
2024,7,市区町村,観光来訪者数,20,長野県,20416,豊丘村,21419
2024,7,市区町村,観光来訪者数,20,長野県,20417,大鹿村,1884
2024,7,市区町村,観光来訪者数,20,長野県,20422,上松町,10979
2024,7,市区町村,観光来訪者数,20,長野県,20423,南木曽町,1962
2024,7,市区町村,観光来訪者数,20,長野県,20425,木祖村,17420
2024,7,市区町村,観光来訪者数,20,長野県,20429,王滝村,5388
2024,7,市区町村,観光来訪者数,20,長野県,20430,大桑村,33420
2024,7,市区町村,観光来訪者数,20,長野県,20432,木曽町,96847
2024,7,市区町村,観光来訪者数,20,長野県,20446,麻績村,3018
2024,7,市区町村,観光来訪者数,20,長野県,20448,生坂村,1458
2024,7,市区町村,観光来訪者数,20,長野県,20451,朝日村,374
2024,7,市区町村,観光来訪者数,20,長野県,20452,筑北村,1175
2024,7,市区町村,観光来訪者数,20,長野県,20481,池田町,3838
2024,7,市区町村,観光来訪者数,20,長野県,20482,松川村,30320
2024,7,市区町村,観光来訪者数,20,長野県,20485,白馬村,115591
2024,7,市区町村,観光来訪者数,20,長野県,20486,小谷村,63837
2024,7,市区町村,観光来訪者数,20,長野県,20521,坂城町,3139
2024,7,市区町村,観光来訪者数,20,長野県,20541,小布施町,60603
2024,7,市区町村,観光来訪者数,20,長野県,20543,高山村,11140
2024,7,市区町村,観光来訪者数,20,長野県,20561,山ノ内町,53848
2024,7,市区町村,観光来訪者数,20,長野県,20562,木島平村,5975
2024,7,市区町村,観光来訪者数,20,長野県,20563,野沢温泉村,13084
2024,7,市区町村,観光来訪者数,20,長野県,20583,信濃町,50740
2024,7,市区町村,観光来訪者数,20,長野県,20588,小川村,9411
2024,7,市区町村,観光来訪者数,20,長野県,20590,飯綱町,5086
2024,7,市区町村,観光来訪者数,20,長野県,20602,栄村,17278
2024,7,市区町村,観光来訪者数,21,岐阜県,21201,岐阜市,148373
2024,7,市区町村,観光来訪者数,21,岐阜県,21202,大垣市,44731
2024,7,市区町村,観光来訪者数,21,岐阜県,21203,高山市,212921
2024,7,市区町村,観光来訪者数,21,岐阜県,21204,多治見市,35699
2024,7,市区町村,観光来訪者数,21,岐阜県,21205,関市,112167
2024,7,市区町村,観光来訪者数,21,岐阜県,21206,中津川市,214092
2024,7,市区町村,観光来訪者数,21,岐阜県,21207,美濃市,34813
2024,7,市区町村,観光来訪者数,21,岐阜県,21208,瑞浪市,77206
2024,7,市区町村,観光来訪者数,21,岐阜県,21209,羽島市,83317
2024,7,市区町村,観光来訪者数,21,岐阜県,21210,恵那市,107805
2024,7,市区町村,観光来訪者数,21,岐阜県,21211,美濃加茂市,43023
2024,7,市区町村,観光来訪者数,21,岐阜県,21212,土岐市,269289
2024,7,市区町村,観光来訪者数,21,岐阜県,21213,各務原市,101139
2024,7,市区町村,観光来訪者数,21,岐阜県,21214,可児市,133727
2024,7,市区町村,観光来訪者数,21,岐阜県,21215,山県市,13505
2024,7,市区町村,観光来訪者数,21,岐阜県,21216,瑞穂市,1176
2024,7,市区町村,観光来訪者数,21,岐阜県,21217,飛騨市,57877
2024,7,市区町村,観光来訪者数,21,岐阜県,21218,本巣市,19481
2024,7,市区町村,観光来訪者数,21,岐阜県,21219,郡上市,195900
2024,7,市区町村,観光来訪者数,21,岐阜県,21220,下呂市,56046
2024,7,市区町村,観光来訪者数,21,岐阜県,21221,海津市,48312
2024,7,市区町村,観光来訪者数,21,岐阜県,21302,岐南町,9489
2024,7,市区町村,観光来訪者数,21,岐阜県,21303,笠松町,415
2024,7,市区町村,観光来訪者数,21,岐阜県,21341,養老町,25228
2024,7,市区町村,観光来訪者数,21,岐阜県,21361,垂井町,4222
2024,7,市区町村,観光来訪者数,21,岐阜県,21362,関ヶ原町,74344
2024,7,市区町村,観光来訪者数,21,岐阜県,21381,神戸町,762
2024,7,市区町村,観光来訪者数,21,岐阜県,21382,輪之内町,173
2024,7,市区町村,観光来訪者数,21,岐阜県,21383,安八町,261
2024,7,市区町村,観光来訪者数,21,岐阜県,21401,揖斐川町,51295
2024,7,市区町村,観光来訪者数,21,岐阜県,21403,大野町,20551
2024,7,市区町村,観光来訪者数,21,岐阜県,21404,池田町,17553
2024,7,市区町村,観光来訪者数,21,岐阜県,21421,北方町,487
2024,7,市区町村,観光来訪者数,21,岐阜県,21502,富加町,7908
2024,7,市区町村,観光来訪者数,21,岐阜県,21503,川辺町,9128
2024,7,市区町村,観光来訪者数,21,岐阜県,21504,七宗町,10779
2024,7,市区町村,観光来訪者数,21,岐阜県,21505,八百津町,14637
2024,7,市区町村,観光来訪者数,21,岐阜県,21506,白川町,46296
2024,7,市区町村,観光来訪者数,21,岐阜県,21507,東白川村,10032
2024,7,市区町村,観光来訪者数,21,岐阜県,21521,御嵩町,21870
2024,7,市区町村,観光来訪者数,21,岐阜県,21604,白川村,32051
2024,7,市区町村,観光来訪者数,22,静岡県,22101,静岡市葵区,428977
2024,7,市区町村,観光来訪者数,22,静岡県,22102,静岡市駿河区,247678
2024,7,市区町村,観光来訪者数,22,静岡県,22103,静岡市清水区,393343
2024,7,市区町村,観光来訪者数,22,静岡県,22138,浜松市中央区,683828
2024,7,市区町村,観光来訪者数,22,静岡県,22139,浜松市浜名区,564355
2024,7,市区町村,観光来訪者数,22,静岡県,22140,浜松市天竜区,28938
2024,7,市区町村,観光来訪者数,22,静岡県,22203,沼津市,789329
2024,7,市区町村,観光来訪者数,22,静岡県,22205,熱海市,181882
2024,7,市区町村,観光来訪者数,22,静岡県,22206,三島市,191401
2024,7,市区町村,観光来訪者数,22,静岡県,22207,富士宮市,382149
2024,7,市区町村,観光来訪者数,22,静岡県,22208,伊東市,276250
2024,7,市区町村,観光来訪者数,22,静岡県,22209,島田市,79728
2024,7,市区町村,観光来訪者数,22,静岡県,22210,富士市,344400
2024,7,市区町村,観光来訪者数,22,静岡県,22211,磐田市,250395
2024,7,市区町村,観光来訪者数,22,静岡県,22212,焼津市,158540
2024,7,市区町村,観光来訪者数,22,静岡県,22213,掛川市,368103
2024,7,市区町村,観光来訪者数,22,静岡県,22214,藤枝市,139632
2024,7,市区町村,観光来訪者数,22,静岡県,22215,御殿場市,846580
2024,7,市区町村,観光来訪者数,22,静岡県,22216,袋井市,104401
2024,7,市区町村,観光来訪者数,22,静岡県,22219,下田市,99380
2024,7,市区町村,観光来訪者数,22,静岡県,22220,裾野市,69695
2024,7,市区町村,観光来訪者数,22,静岡県,22221,湖西市,43601
2024,7,市区町村,観光来訪者数,22,静岡県,22222,伊豆市,187149
2024,7,市区町村,観光来訪者数,22,静岡県,22223,御前崎市,66364
2024,7,市区町村,観光来訪者数,22,静岡県,22224,菊川市,9324
2024,7,市区町村,観光来訪者数,22,静岡県,22225,伊豆の国市,74636
2024,7,市区町村,観光来訪者数,22,静岡県,22226,牧之原市,146816
2024,7,市区町村,観光来訪者数,22,静岡県,22301,東伊豆町,25549
2024,7,市区町村,観光来訪者数,22,静岡県,22302,河津町,23893
2024,7,市区町村,観光来訪者数,22,静岡県,22304,南伊豆町,26874
2024,7,市区町村,観光来訪者数,22,静岡県,22305,松崎町,15549
2024,7,市区町村,観光来訪者数,22,静岡県,22306,西伊豆町,43702
2024,7,市区町村,観光来訪者数,22,静岡県,22325,函南町,149670
2024,7,市区町村,観光来訪者数,22,静岡県,22341,清水町,83213
2024,7,市区町村,観光来訪者数,22,静岡県,22342,長泉町,13789
2024,7,市区町村,観光来訪者数,22,静岡県,22344,小山町,659314
2024,7,市区町村,観光来訪者数,22,静岡県,22424,吉田町,5412
2024,7,市区町村,観光来訪者数,22,静岡県,22429,川根本町,18328
2024,7,市区町村,観光来訪者数,22,静岡県,22461,森町,136081
2024,7,市区町村,観光来訪者数,23,愛知県,23101,名古屋市千種区,74244
2024,7,市区町村,観光来訪者数,23,愛知県,23102,名古屋市東区,585841
2024,7,市区町村,観光来訪者数,23,愛知県,23103,名古屋市北区,22468
2024,7,市区町村,観光来訪者数,23,愛知県,23104,名古屋市西区,69383
2024,7,市区町村,観光来訪者数,23,愛知県,23105,名古屋市中村区,2405271
2024,7,市区町村,観光来訪者数,23,愛知県,23106,名古屋市中区,1273819
2024,7,市区町村,観光来訪者数,23,愛知県,23107,名古屋市昭和区,57108
2024,7,市区町村,観光来訪者数,23,愛知県,23108,名古屋市瑞穂区,17752
2024,7,市区町村,観光来訪者数,23,愛知県,23109,名古屋市熱田区,190644
2024,7,市区町村,観光来訪者数,23,愛知県,23110,名古屋市中川区,28022
2024,7,市区町村,観光来訪者数,23,愛知県,23111,名古屋市港区,335963
2024,7,市区町村,観光来訪者数,23,愛知県,23112,名古屋市南区,5546
2024,7,市区町村,観光来訪者数,23,愛知県,23113,名古屋市守山区,20588
2024,7,市区町村,観光来訪者数,23,愛知県,23114,名古屋市緑区,14328
2024,7,市区町村,観光来訪者数,23,愛知県,23115,名古屋市名東区,9605
2024,7,市区町村,観光来訪者数,23,愛知県,23116,名古屋市天白区,7323
2024,7,市区町村,観光来訪者数,23,愛知県,23201,豊橋市,139924
2024,7,市区町村,観光来訪者数,23,愛知県,23202,岡崎市,148531
2024,7,市区町村,観光来訪者数,23,愛知県,23203,一宮市,44024
2024,7,市区町村,観光来訪者数,23,愛知県,23204,瀬戸市,44582
2024,7,市区町村,観光来訪者数,23,愛知県,23205,半田市,36032
2024,7,市区町村,観光来訪者数,23,愛知県,23206,春日井市,65143
2024,7,市区町村,観光来訪者数,23,愛知県,23207,豊川市,196186
2024,7,市区町村,観光来訪者数,23,愛知県,23208,津島市,14296
2024,7,市区町村,観光来訪者数,23,愛知県,23209,碧南市,19041
2024,7,市区町村,観光来訪者数,23,愛知県,23210,刈谷市,519414
2024,7,市区町村,観光来訪者数,23,愛知県,23211,豊田市,292487
2024,7,市区町村,観光来訪者数,23,愛知県,23212,安城市,30346
2024,7,市区町村,観光来訪者数,23,愛知県,23213,西尾市,68652
2024,7,市区町村,観光来訪者数,23,愛知県,23214,蒲郡市,151669
2024,7,市区町村,観光来訪者数,23,愛知県,23215,犬山市,84314
2024,7,市区町村,観光来訪者数,23,愛知県,23216,常滑市,1139901
2024,7,市区町村,観光来訪者数,23,愛知県,23217,江南市,4826
2024,7,市区町村,観光来訪者数,23,愛知県,23219,小牧市,17334
2024,7,市区町村,観光来訪者数,23,愛知県,23220,稲沢市,15744
2024,7,市区町村,観光来訪者数,23,愛知県,23221,新城市,127550
2024,7,市区町村,観光来訪者数,23,愛知県,23222,東海市,28094
2024,7,市区町村,観光来訪者数,23,愛知県,23223,大府市,15651
2024,7,市区町村,観光来訪者数,23,愛知県,23224,知多市,18560
2024,7,市区町村,観光来訪者数,23,愛知県,23225,知立市,5978
2024,7,市区町村,観光来訪者数,23,愛知県,23226,尾張旭市,3359
2024,7,市区町村,観光来訪者数,23,愛知県,23227,高浜市,956
2024,7,市区町村,観光来訪者数,23,愛知県,23228,岩倉市,336
2024,7,市区町村,観光来訪者数,23,愛知県,23229,豊明市,5803
2024,7,市区町村,観光来訪者数,23,愛知県,23230,日進市,44043
2024,7,市区町村,観光来訪者数,23,愛知県,23231,田原市,149612
2024,7,市区町村,観光来訪者数,23,愛知県,23232,愛西市,20948
2024,7,市区町村,観光来訪者数,23,愛知県,23233,清須市,11926
2024,7,市区町村,観光来訪者数,23,愛知県,23234,北名古屋市,3051
2024,7,市区町村,観光来訪者数,23,愛知県,23235,弥富市,7284
2024,7,市区町村,観光来訪者数,23,愛知県,23236,みよし市,4333
2024,7,市区町村,観光来訪者数,23,愛知県,23237,あま市,5415
2024,7,市区町村,観光来訪者数,23,愛知県,23238,長久手市,196836
2024,7,市区町村,観光来訪者数,23,愛知県,23302,東郷町,2582
2024,7,市区町村,観光来訪者数,23,愛知県,23342,豊山町,99368
2024,7,市区町村,観光来訪者数,23,愛知県,23361,大口町,527
2024,7,市区町村,観光来訪者数,23,愛知県,23362,扶桑町,1016
2024,7,市区町村,観光来訪者数,23,愛知県,23425,蟹江町,7095
2024,7,市区町村,観光来訪者数,23,愛知県,23427,飛島村,3008
2024,7,市区町村,観光来訪者数,23,愛知県,23441,阿久比町,1555
2024,7,市区町村,観光来訪者数,23,愛知県,23442,東浦町,5189
2024,7,市区町村,観光来訪者数,23,愛知県,23445,南知多町,40443
2024,7,市区町村,観光来訪者数,23,愛知県,23446,美浜町,96634
2024,7,市区町村,観光来訪者数,23,愛知県,23447,武豊町,6523
2024,7,市区町村,観光来訪者数,23,愛知県,23501,幸田町,32132
2024,7,市区町村,観光来訪者数,23,愛知県,23561,設楽町,59405
2024,7,市区町村,観光来訪者数,23,愛知県,23562,東栄町,3354
2024,7,市区町村,観光来訪者数,23,愛知県,23563,豊根村,14696
2024,7,市区町村,観光来訪者数,24,三重県,24201,津市,200766
2024,7,市区町村,観光来訪者数,24,三重県,24202,四日市市,78711
2024,7,市区町村,観光来訪者数,24,三重県,24203,伊勢市,385003
2024,7,市区町村,観光来訪者数,24,三重県,24204,松阪市,59359
2024,7,市区町村,観光来訪者数,24,三重県,24205,桑名市,179198
2024,7,市区町村,観光来訪者数,24,三重県,24207,鈴鹿市,229083
2024,7,市区町村,観光来訪者数,24,三重県,24208,名張市,38586
2024,7,市区町村,観光来訪者数,24,三重県,24209,尾鷲市,9480
2024,7,市区町村,観光来訪者数,24,三重県,24210,亀山市,95637
2024,7,市区町村,観光来訪者数,24,三重県,24211,鳥羽市,205401
2024,7,市区町村,観光来訪者数,24,三重県,24212,熊野市,32059
2024,7,市区町村,観光来訪者数,24,三重県,24214,いなべ市,54365
2024,7,市区町村,観光来訪者数,24,三重県,24215,志摩市,145786
2024,7,市区町村,観光来訪者数,24,三重県,24216,伊賀市,159044
2024,7,市区町村,観光来訪者数,24,三重県,24303,木曽岬町,45
2024,7,市区町村,観光来訪者数,24,三重県,24324,東員町,12917
2024,7,市区町村,観光来訪者数,24,三重県,24341,菰野町,29068
2024,7,市区町村,観光来訪者数,24,三重県,24343,朝日町,3920
2024,7,市区町村,観光来訪者数,24,三重県,24344,川越町,900
2024,7,市区町村,観光来訪者数,24,三重県,24441,多気町,56648
2024,7,市区町村,観光来訪者数,24,三重県,24442,明和町,8347
2024,7,市区町村,観光来訪者数,24,三重県,24443,大台町,58579
2024,7,市区町村,観光来訪者数,24,三重県,24461,玉城町,3869
2024,7,市区町村,観光来訪者数,24,三重県,24470,度会町,3438
2024,7,市区町村,観光来訪者数,24,三重県,24471,大紀町,7481
2024,7,市区町村,観光来訪者数,24,三重県,24472,南伊勢町,2896
2024,7,市区町村,観光来訪者数,24,三重県,24543,紀北町,61645
2024,7,市区町村,観光来訪者数,24,三重県,24561,御浜町,11141
2024,7,市区町村,観光来訪者数,24,三重県,24562,紀宝町,17831
2024,7,市区町村,観光来訪者数,25,滋賀県,25201,大津市,269075
2024,7,市区町村,観光来訪者数,25,滋賀県,25202,彦根市,68678
2024,7,市区町村,観光来訪者数,25,滋賀県,25203,長浜市,108751
2024,7,市区町村,観光来訪者数,25,滋賀県,25204,近江八幡市,33410
2024,7,市区町村,観光来訪者数,25,滋賀県,25206,草津市,88412
2024,7,市区町村,観光来訪者数,25,滋賀県,25207,守山市,22842
2024,7,市区町村,観光来訪者数,25,滋賀県,25208,栗東市,23560
2024,7,市区町村,観光来訪者数,25,滋賀県,25209,甲賀市,142185
2024,7,市区町村,観光来訪者数,25,滋賀県,25210,野洲市,59948
2024,7,市区町村,観光来訪者数,25,滋賀県,25211,湖南市,9150
2024,7,市区町村,観光来訪者数,25,滋賀県,25212,高島市,113220
2024,7,市区町村,観光来訪者数,25,滋賀県,25213,東近江市,62571
2024,7,市区町村,観光来訪者数,25,滋賀県,25214,米原市,50316
2024,7,市区町村,観光来訪者数,25,滋賀県,25383,日野町,22527
2024,7,市区町村,観光来訪者数,25,滋賀県,25384,竜王町,26253
2024,7,市区町村,観光来訪者数,25,滋賀県,25425,愛荘町,580
2024,7,市区町村,観光来訪者数,25,滋賀県,25441,豊郷町,991
2024,7,市区町村,観光来訪者数,25,滋賀県,25442,甲良町,20158
2024,7,市区町村,観光来訪者数,25,滋賀県,25443,多賀町,12476
2024,7,市区町村,観光来訪者数,26,京都府,26101,京都市北区,61755
2024,7,市区町村,観光来訪者数,26,京都府,26102,京都市上京区,98260
2024,7,市区町村,観光来訪者数,26,京都府,26103,京都市左京区,391704
2024,7,市区町村,観光来訪者数,26,京都府,26104,京都市中京区,146547
2024,7,市区町村,観光来訪者数,26,京都府,26105,京都市東山区,326398
2024,7,市区町村,観光来訪者数,26,京都府,26106,京都市下京区,271468
2024,7,市区町村,観光来訪者数,26,京都府,26107,京都市南区,52651
2024,7,市区町村,観光来訪者数,26,京都府,26108,京都市右京区,142990
2024,7,市区町村,観光来訪者数,26,京都府,26109,京都市伏見区,127510
2024,7,市区町村,観光来訪者数,26,京都府,26110,京都市山科区,12310
2024,7,市区町村,観光来訪者数,26,京都府,26111,京都市西京区,28992
2024,7,市区町村,観光来訪者数,26,京都府,26201,福知山市,27145
2024,7,市区町村,観光来訪者数,26,京都府,26202,舞鶴市,64245
2024,7,市区町村,観光来訪者数,26,京都府,26203,綾部市,12139
2024,7,市区町村,観光来訪者数,26,京都府,26204,宇治市,124672
2024,7,市区町村,観光来訪者数,26,京都府,26205,宮津市,79674
2024,7,市区町村,観光来訪者数,26,京都府,26206,亀岡市,67722
2024,7,市区町村,観光来訪者数,26,京都府,26207,城陽市,12225
2024,7,市区町村,観光来訪者数,26,京都府,26208,向日市,2474
2024,7,市区町村,観光来訪者数,26,京都府,26209,長岡京市,22129
2024,7,市区町村,観光来訪者数,26,京都府,26210,八幡市,18312
2024,7,市区町村,観光来訪者数,26,京都府,26211,京田辺市,4546
2024,7,市区町村,観光来訪者数,26,京都府,26212,京丹後市,55035
2024,7,市区町村,観光来訪者数,26,京都府,26213,南丹市,62065
2024,7,市区町村,観光来訪者数,26,京都府,26214,木津川市,22378
2024,7,市区町村,観光来訪者数,26,京都府,26303,大山崎町,6201
2024,7,市区町村,観光来訪者数,26,京都府,26322,久御山町,8578
2024,7,市区町村,観光来訪者数,26,京都府,26344,宇治田原町,8182
2024,7,市区町村,観光来訪者数,26,京都府,26364,笠置町,11693
2024,7,市区町村,観光来訪者数,26,京都府,26365,和束町,7678
2024,7,市区町村,観光来訪者数,26,京都府,26366,精華町,950
2024,7,市区町村,観光来訪者数,26,京都府,26367,南山城村,52018
2024,7,市区町村,観光来訪者数,26,京都府,26407,京丹波町,175166
2024,7,市区町村,観光来訪者数,26,京都府,26463,伊根町,18869
2024,7,市区町村,観光来訪者数,26,京都府,26465,与謝野町,8585
2024,7,市区町村,観光来訪者数,27,大阪府,27102,大阪市都島区,47326
2024,7,市区町村,観光来訪者数,27,大阪府,27103,大阪市福島区,52135
2024,7,市区町村,観光来訪者数,27,大阪府,27104,大阪市此花区,543366
2024,7,市区町村,観光来訪者数,27,大阪府,27106,大阪市西区,387442
2024,7,市区町村,観光来訪者数,27,大阪府,27107,大阪市港区,120955
2024,7,市区町村,観光来訪者数,27,大阪府,27108,大阪市大正区,7715
2024,7,市区町村,観光来訪者数,27,大阪府,27109,大阪市天王寺区,179714
2024,7,市区町村,観光来訪者数,27,大阪府,27111,大阪市浪速区,147270
2024,7,市区町村,観光来訪者数,27,大阪府,27113,大阪市西淀川区,10166
2024,7,市区町村,観光来訪者数,27,大阪府,27114,大阪市東淀川区,3408
2024,7,市区町村,観光来訪者数,27,大阪府,27115,大阪市東成区,4748
2024,7,市区町村,観光来訪者数,27,大阪府,27116,大阪市生野区,7644
2024,7,市区町村,観光来訪者数,27,大阪府,27117,大阪市旭区,5877
2024,7,市区町村,観光来訪者数,27,大阪府,27118,大阪市城東区,6051
2024,7,市区町村,観光来訪者数,27,大阪府,27119,大阪市阿倍野区,7384
2024,7,市区町村,観光来訪者数,27,大阪府,27120,大阪市住吉区,27523
2024,7,市区町村,観光来訪者数,27,大阪府,27121,大阪市東住吉区,91049
2024,7,市区町村,観光来訪者数,27,大阪府,27122,大阪市西成区,9571
2024,7,市区町村,観光来訪者数,27,大阪府,27123,大阪市淀川区,43080
2024,7,市区町村,観光来訪者数,27,大阪府,27124,大阪市鶴見区,26573
2024,7,市区町村,観光来訪者数,27,大阪府,27125,大阪市住之江区,65706
2024,7,市区町村,観光来訪者数,27,大阪府,27126,大阪市平野区,6467
2024,7,市区町村,観光来訪者数,27,大阪府,27127,大阪市北区,517559
2024,7,市区町村,観光来訪者数,27,大阪府,27128,大阪市中央区,874600
2024,7,市区町村,観光来訪者数,27,大阪府,27141,堺市堺区,77493
2024,7,市区町村,観光来訪者数,27,大阪府,27142,堺市中区,7303
2024,7,市区町村,観光来訪者数,27,大阪府,27143,堺市東区,5373
2024,7,市区町村,観光来訪者数,27,大阪府,27144,堺市西区,10203
2024,7,市区町村,観光来訪者数,27,大阪府,27145,堺市南区,36517
2024,7,市区町村,観光来訪者数,27,大阪府,27146,堺市北区,9188
2024,7,市区町村,観光来訪者数,27,大阪府,27147,堺市美原区,2235
2024,7,市区町村,観光来訪者数,27,大阪府,27202,岸和田市,116666
2024,7,市区町村,観光来訪者数,27,大阪府,27203,豊中市,36339
2024,7,市区町村,観光来訪者数,27,大阪府,27204,池田市,43780
2024,7,市区町村,観光来訪者数,27,大阪府,27205,吹田市,203647
2024,7,市区町村,観光来訪者数,27,大阪府,27206,泉大津市,9929
2024,7,市区町村,観光来訪者数,27,大阪府,27207,高槻市,64397
2024,7,市区町村,観光来訪者数,27,大阪府,27208,貝塚市,16329
2024,7,市区町村,観光来訪者数,27,大阪府,27209,守口市,9521
2024,7,市区町村,観光来訪者数,27,大阪府,27210,枚方市,168693
2024,7,市区町村,観光来訪者数,27,大阪府,27211,茨木市,33154
2024,7,市区町村,観光来訪者数,27,大阪府,27212,八尾市,16520
2024,7,市区町村,観光来訪者数,27,大阪府,27213,泉佐野市,90621
2024,7,市区町村,観光来訪者数,27,大阪府,27214,富田林市,8967
2024,7,市区町村,観光来訪者数,27,大阪府,27215,寝屋川市,20149
2024,7,市区町村,観光来訪者数,27,大阪府,27217,松原市,3135
2024,7,市区町村,観光来訪者数,27,大阪府,27218,大東市,11653
2024,7,市区町村,観光来訪者数,27,大阪府,27219,和泉市,158970
2024,7,市区町村,観光来訪者数,27,大阪府,27220,箕面市,27258
2024,7,市区町村,観光来訪者数,27,大阪府,27221,柏原市,1500
2024,7,市区町村,観光来訪者数,27,大阪府,27222,羽曳野市,14535
2024,7,市区町村,観光来訪者数,27,大阪府,27223,門真市,14450
2024,7,市区町村,観光来訪者数,27,大阪府,27224,摂津市,2345
2024,7,市区町村,観光来訪者数,27,大阪府,27225,高石市,25839
2024,7,市区町村,観光来訪者数,27,大阪府,27226,藤井寺市,4059
2024,7,市区町村,観光来訪者数,27,大阪府,27227,東大阪市,160233
2024,7,市区町村,観光来訪者数,27,大阪府,27228,泉南市,116790
2024,7,市区町村,観光来訪者数,27,大阪府,27229,四條畷市,44893
2024,7,市区町村,観光来訪者数,27,大阪府,27230,交野市,9796
2024,7,市区町村,観光来訪者数,27,大阪府,27231,大阪狭山市,4162
2024,7,市区町村,観光来訪者数,27,大阪府,27232,阪南市,9855
2024,7,市区町村,観光来訪者数,27,大阪府,27301,島本町,8118
2024,7,市区町村,観光来訪者数,27,大阪府,27321,豊能町,425
2024,7,市区町村,観光来訪者数,27,大阪府,27322,能勢町,21802
2024,7,市区町村,観光来訪者数,27,大阪府,27341,忠岡町,299
2024,7,市区町村,観光来訪者数,27,大阪府,27361,熊取町,765
2024,7,市区町村,観光来訪者数,27,大阪府,27362,田尻町,1311
2024,7,市区町村,観光来訪者数,27,大阪府,27366,岬町,40373
2024,7,市区町村,観光来訪者数,27,大阪府,27381,太子町,6085
2024,7,市区町村,観光来訪者数,27,大阪府,27382,河南町,8725
2024,7,市区町村,観光来訪者数,27,大阪府,27383,千早赤阪村,2556
2024,7,市区町村,観光来訪者数,28,兵庫県,28101,神戸市東灘区,45499
2024,7,市区町村,観光来訪者数,28,兵庫県,28102,神戸市灘区,52231
2024,7,市区町村,観光来訪者数,28,兵庫県,28105,神戸市兵庫区,120306
2024,7,市区町村,観光来訪者数,28,兵庫県,28106,神戸市長田区,29297
2024,7,市区町村,観光来訪者数,28,兵庫県,28107,神戸市須磨区,353095
2024,7,市区町村,観光来訪者数,28,兵庫県,28108,神戸市垂水区,46943
2024,7,市区町村,観光来訪者数,28,兵庫県,28109,神戸市北区,198627
2024,7,市区町村,観光来訪者数,28,兵庫県,28110,神戸市中央区,633794
2024,7,市区町村,観光来訪者数,28,兵庫県,28111,神戸市西区,90191
2024,7,市区町村,観光来訪者数,28,兵庫県,28201,姫路市,215309
2024,7,市区町村,観光来訪者数,28,兵庫県,28202,尼崎市,99022
2024,7,市区町村,観光来訪者数,28,兵庫県,28203,明石市,57726
2024,7,市区町村,観光来訪者数,28,兵庫県,28204,西宮市,712266
2024,7,市区町村,観光来訪者数,28,兵庫県,28205,洲本市,42746
2024,7,市区町村,観光来訪者数,28,兵庫県,28206,芦屋市,11301
2024,7,市区町村,観光来訪者数,28,兵庫県,28207,伊丹市,23157
2024,7,市区町村,観光来訪者数,28,兵庫県,28208,相生市,16064
2024,7,市区町村,観光来訪者数,28,兵庫県,28209,豊岡市,75764
2024,7,市区町村,観光来訪者数,28,兵庫県,28210,加古川市,31914
2024,7,市区町村,観光来訪者数,28,兵庫県,28212,赤穂市,21182
2024,7,市区町村,観光来訪者数,28,兵庫県,28213,西脇市,23446
2024,7,市区町村,観光来訪者数,28,兵庫県,28214,宝塚市,128369
2024,7,市区町村,観光来訪者数,28,兵庫県,28215,三木市,575654
2024,7,市区町村,観光来訪者数,28,兵庫県,28216,高砂市,14078
2024,7,市区町村,観光来訪者数,28,兵庫県,28217,川西市,20832
2024,7,市区町村,観光来訪者数,28,兵庫県,28218,小野市,45160
2024,7,市区町村,観光来訪者数,28,兵庫県,28219,三田市,45054
2024,7,市区町村,観光来訪者数,28,兵庫県,28220,加西市,29736
2024,7,市区町村,観光来訪者数,28,兵庫県,28221,丹波篠山市,38427
2024,7,市区町村,観光来訪者数,28,兵庫県,28222,養父市,34672
2024,7,市区町村,観光来訪者数,28,兵庫県,28223,丹波市,36832
2024,7,市区町村,観光来訪者数,28,兵庫県,28224,南あわじ市,126879
2024,7,市区町村,観光来訪者数,28,兵庫県,28225,朝来市,93644
2024,7,市区町村,観光来訪者数,28,兵庫県,28226,淡路市,408562
2024,7,市区町村,観光来訪者数,28,兵庫県,28227,宍粟市,36638
2024,7,市区町村,観光来訪者数,28,兵庫県,28228,加東市,153833
2024,7,市区町村,観光来訪者数,28,兵庫県,28229,たつの市,37422
2024,7,市区町村,観光来訪者数,28,兵庫県,28301,猪名川町,21231
2024,7,市区町村,観光来訪者数,28,兵庫県,28365,多可町,26500
2024,7,市区町村,観光来訪者数,28,兵庫県,28381,稲美町,2551
2024,7,市区町村,観光来訪者数,28,兵庫県,28382,播磨町,2654
2024,7,市区町村,観光来訪者数,28,兵庫県,28442,市川町,12747
2024,7,市区町村,観光来訪者数,28,兵庫県,28443,福崎町,7310
2024,7,市区町村,観光来訪者数,28,兵庫県,28446,神河町,14533
2024,7,市区町村,観光来訪者数,28,兵庫県,28464,太子町,4816
2024,7,市区町村,観光来訪者数,28,兵庫県,28481,上郡町,13993
2024,7,市区町村,観光来訪者数,28,兵庫県,28501,佐用町,33956
2024,7,市区町村,観光来訪者数,28,兵庫県,28585,香美町,36907
2024,7,市区町村,観光来訪者数,28,兵庫県,28586,新温泉町,33961
2024,7,市区町村,観光来訪者数,29,奈良県,29201,奈良市,354646
2024,7,市区町村,観光来訪者数,29,奈良県,29202,大和高田市,3793
2024,7,市区町村,観光来訪者数,29,奈良県,29203,大和郡山市,9243
2024,7,市区町村,観光来訪者数,29,奈良県,29204,天理市,80850
2024,7,市区町村,観光来訪者数,29,奈良県,29205,橿原市,66769
2024,7,市区町村,観光来訪者数,29,奈良県,29206,桜井市,53047
2024,7,市区町村,観光来訪者数,29,奈良県,29207,五條市,29289
2024,7,市区町村,観光来訪者数,29,奈良県,29208,御所市,9814
2024,7,市区町村,観光来訪者数,29,奈良県,29209,生駒市,19381
2024,7,市区町村,観光来訪者数,29,奈良県,29210,香芝市,2542
2024,7,市区町村,観光来訪者数,29,奈良県,29211,葛城市,32697
2024,7,市区町村,観光来訪者数,29,奈良県,29212,宇陀市,53899
2024,7,市区町村,観光来訪者数,29,奈良県,29322,山添村,6858
2024,7,市区町村,観光来訪者数,29,奈良県,29342,平群町,7821
2024,7,市区町村,観光来訪者数,29,奈良県,29343,三郷町,8874
2024,7,市区町村,観光来訪者数,29,奈良県,29344,斑鳩町,17213
2024,7,市区町村,観光来訪者数,29,奈良県,29345,安堵町,541
2024,7,市区町村,観光来訪者数,29,奈良県,29361,川西町,5023
2024,7,市区町村,観光来訪者数,29,奈良県,29362,三宅町,78
2024,7,市区町村,観光来訪者数,29,奈良県,29363,田原本町,12673
2024,7,市区町村,観光来訪者数,29,奈良県,29385,曽爾村,10236
2024,7,市区町村,観光来訪者数,29,奈良県,29386,御杖村,8887
2024,7,市区町村,観光来訪者数,29,奈良県,29401,高取町,10518
2024,7,市区町村,観光来訪者数,29,奈良県,29402,明日香村,30183
2024,7,市区町村,観光来訪者数,29,奈良県,29424,上牧町,134
2024,7,市区町村,観光来訪者数,29,奈良県,29425,王寺町,1812
2024,7,市区町村,観光来訪者数,29,奈良県,29426,広陵町,8101
2024,7,市区町村,観光来訪者数,29,奈良県,29427,河合町,147
2024,7,市区町村,観光来訪者数,29,奈良県,29441,吉野町,14841
2024,7,市区町村,観光来訪者数,29,奈良県,29442,大淀町,23176
2024,7,市区町村,観光来訪者数,29,奈良県,29443,下市町,5159
2024,7,市区町村,観光来訪者数,29,奈良県,29444,黒滝村,42970
2024,7,市区町村,観光来訪者数,29,奈良県,29446,天川村,14968
2024,7,市区町村,観光来訪者数,29,奈良県,29447,野迫川村,2633
2024,7,市区町村,観光来訪者数,29,奈良県,29449,十津川村,23626
2024,7,市区町村,観光来訪者数,29,奈良県,29450,下北山村,7361
2024,7,市区町村,観光来訪者数,29,奈良県,29451,上北山村,18208
2024,7,市区町村,観光来訪者数,29,奈良県,29452,川上村,14825
2024,7,市区町村,観光来訪者数,29,奈良県,29453,東吉野村,7360
2024,7,市区町村,観光来訪者数,30,和歌山県,30201,和歌山市,493385
2024,7,市区町村,観光来訪者数,30,和歌山県,30202,海南市,54189
2024,7,市区町村,観光来訪者数,30,和歌山県,30203,橋本市,64349
2024,7,市区町村,観光来訪者数,30,和歌山県,30204,有田市,20592
2024,7,市区町村,観光来訪者数,30,和歌山県,30205,御坊市,8360
2024,7,市区町村,観光来訪者数,30,和歌山県,30206,田辺市,79845
2024,7,市区町村,観光来訪者数,30,和歌山県,30207,新宮市,30982
2024,7,市区町村,観光来訪者数,30,和歌山県,30208,紀の川市,128525
2024,7,市区町村,観光来訪者数,30,和歌山県,30209,岩出市,28402
2024,7,市区町村,観光来訪者数,30,和歌山県,30304,紀美野町,11472
2024,7,市区町村,観光来訪者数,30,和歌山県,30341,かつらぎ町,119213
2024,7,市区町村,観光来訪者数,30,和歌山県,30343,九度山町,37497
2024,7,市区町村,観光来訪者数,30,和歌山県,30344,高野町,78254
2024,7,市区町村,観光来訪者数,30,和歌山県,30361,湯浅町,16859
2024,7,市区町村,観光来訪者数,30,和歌山県,30362,広川町,3681
2024,7,市区町村,観光来訪者数,30,和歌山県,30366,有田川町,24801
2024,7,市区町村,観光来訪者数,30,和歌山県,30381,美浜町,1927
2024,7,市区町村,観光来訪者数,30,和歌山県,30382,日高町,4321
2024,7,市区町村,観光来訪者数,30,和歌山県,30383,由良町,16578
2024,7,市区町村,観光来訪者数,30,和歌山県,30390,印南町,9680
2024,7,市区町村,観光来訪者数,30,和歌山県,30391,みなべ町,19106
2024,7,市区町村,観光来訪者数,30,和歌山県,30392,日高川町,15615
2024,7,市区町村,観光来訪者数,30,和歌山県,30401,白浜町,261622
2024,7,市区町村,観光来訪者数,30,和歌山県,30404,上富田町,15836
2024,7,市区町村,観光来訪者数,30,和歌山県,30406,すさみ町,52756
2024,7,市区町村,観光来訪者数,30,和歌山県,30421,那智勝浦町,59485
2024,7,市区町村,観光来訪者数,30,和歌山県,30422,太地町,23358
2024,7,市区町村,観光来訪者数,30,和歌山県,30424,古座川町,3502
2024,7,市区町村,観光来訪者数,30,和歌山県,30427,北山村,4877
2024,7,市区町村,観光来訪者数,30,和歌山県,30428,串本町,56582
2024,7,市区町村,観光来訪者数,31,鳥取県,31201,鳥取市,179154
2024,7,市区町村,観光来訪者数,31,鳥取県,31202,米子市,174068
2024,7,市区町村,観光来訪者数,31,鳥取県,31203,倉吉市,32174
2024,7,市区町村,観光来訪者数,31,鳥取県,31204,境港市,67276
2024,7,市区町村,観光来訪者数,31,鳥取県,31302,岩美町,31263
2024,7,市区町村,観光来訪者数,31,鳥取県,31325,若桜町,9385
2024,7,市区町村,観光来訪者数,31,鳥取県,31328,智頭町,4030
2024,7,市区町村,観光来訪者数,31,鳥取県,31329,八頭町,17020
2024,7,市区町村,観光来訪者数,31,鳥取県,31364,三朝町,55992
2024,7,市区町村,観光来訪者数,31,鳥取県,31370,湯梨浜町,62274
2024,7,市区町村,観光来訪者数,31,鳥取県,31371,琴浦町,36964
2024,7,市区町村,観光来訪者数,31,鳥取県,31372,北栄町,50471
2024,7,市区町村,観光来訪者数,31,鳥取県,31384,日吉津村,180
2024,7,市区町村,観光来訪者数,31,鳥取県,31386,大山町,37636
2024,7,市区町村,観光来訪者数,31,鳥取県,31389,南部町,16794
2024,7,市区町村,観光来訪者数,31,鳥取県,31390,伯耆町,41231
2024,7,市区町村,観光来訪者数,31,鳥取県,31401,日南町,8652
2024,7,市区町村,観光来訪者数,31,鳥取県,31402,日野町,7740
2024,7,市区町村,観光来訪者数,31,鳥取県,31403,江府町,13058
2024,7,市区町村,観光来訪者数,32,島根県,32201,松江市,172090
2024,7,市区町村,観光来訪者数,32,島根県,32202,浜田市,66958
2024,7,市区町村,観光来訪者数,32,島根県,32203,出雲市,211942
2024,7,市区町村,観光来訪者数,32,島根県,32204,益田市,19985
2024,7,市区町村,観光来訪者数,32,島根県,32205,大田市,22019
2024,7,市区町村,観光来訪者数,32,島根県,32206,安来市,52266
2024,7,市区町村,観光来訪者数,32,島根県,32207,江津市,44962
2024,7,市区町村,観光来訪者数,32,島根県,32209,雲南市,47241
2024,7,市区町村,観光来訪者数,32,島根県,32343,奥出雲町,12410
2024,7,市区町村,観光来訪者数,32,島根県,32386,飯南町,7003
2024,7,市区町村,観光来訪者数,32,島根県,32441,川本町,8147
2024,7,市区町村,観光来訪者数,32,島根県,32448,美郷町,4036
2024,7,市区町村,観光来訪者数,32,島根県,32449,邑南町,8084
2024,7,市区町村,観光来訪者数,32,島根県,32501,津和野町,22078
2024,7,市区町村,観光来訪者数,32,島根県,32505,吉賀町,9973
2024,7,市区町村,観光来訪者数,32,島根県,32525,海士町,1681
2024,7,市区町村,観光来訪者数,32,島根県,32526,西ノ島町,1400
2024,7,市区町村,観光来訪者数,32,島根県,32528,隠岐の島町,9172
2024,7,市区町村,観光来訪者数,33,岡山県,33101,岡山市北区,556106
2024,7,市区町村,観光来訪者数,33,岡山県,33102,岡山市中区,9330
2024,7,市区町村,観光来訪者数,33,岡山県,33103,岡山市東区,12555
2024,7,市区町村,観光来訪者数,33,岡山県,33104,岡山市南区,22845
2024,7,市区町村,観光来訪者数,33,岡山県,33202,倉敷市,219100
2024,7,市区町村,観光来訪者数,33,岡山県,33203,津山市,51040
2024,7,市区町村,観光来訪者数,33,岡山県,33204,玉野市,42100
2024,7,市区町村,観光来訪者数,33,岡山県,33205,笠岡市,50280
2024,7,市区町村,観光来訪者数,33,岡山県,33207,井原市,12211
2024,7,市区町村,観光来訪者数,33,岡山県,33208,総社市,36516
2024,7,市区町村,観光来訪者数,33,岡山県,33209,高梁市,23588
2024,7,市区町村,観光来訪者数,33,岡山県,33210,新見市,25673
2024,7,市区町村,観光来訪者数,33,岡山県,33211,備前市,16724
2024,7,市区町村,観光来訪者数,33,岡山県,33212,瀬戸内市,70721
2024,7,市区町村,観光来訪者数,33,岡山県,33213,赤磐市,31088
2024,7,市区町村,観光来訪者数,33,岡山県,33214,真庭市,226973
2024,7,市区町村,観光来訪者数,33,岡山県,33215,美作市,67462
2024,7,市区町村,観光来訪者数,33,岡山県,33216,浅口市,21937
2024,7,市区町村,観光来訪者数,33,岡山県,33346,和気町,8485
2024,7,市区町村,観光来訪者数,33,岡山県,33423,早島町,8306
2024,7,市区町村,観光来訪者数,33,岡山県,33445,里庄町,959
2024,7,市区町村,観光来訪者数,33,岡山県,33461,矢掛町,11188
2024,7,市区町村,観光来訪者数,33,岡山県,33586,新庄村,9975
2024,7,市区町村,観光来訪者数,33,岡山県,33606,鏡野町,26883
2024,7,市区町村,観光来訪者数,33,岡山県,33622,勝央町,3917
2024,7,市区町村,観光来訪者数,33,岡山県,33623,奈義町,5676
2024,7,市区町村,観光来訪者数,33,岡山県,33643,西粟倉村,24058
2024,7,市区町村,観光来訪者数,33,岡山県,33663,久米南町,8389
2024,7,市区町村,観光来訪者数,33,岡山県,33666,美咲町,14174
2024,7,市区町村,観光来訪者数,33,岡山県,33681,吉備中央町,43495
2024,7,市区町村,観光来訪者数,34,広島県,34101,広島市中区,371375
2024,7,市区町村,観光来訪者数,34,広島県,34102,広島市東区,17374
2024,7,市区町村,観光来訪者数,34,広島県,34103,広島市南区,238253
2024,7,市区町村,観光来訪者数,34,広島県,34104,広島市西区,23956
2024,7,市区町村,観光来訪者数,34,広島県,34105,広島市安佐南区,18541
2024,7,市区町村,観光来訪者数,34,広島県,34106,広島市安佐北区,6940
2024,7,市区町村,観光来訪者数,34,広島県,34107,広島市安芸区,2607
2024,7,市区町村,観光来訪者数,34,広島県,34108,広島市佐伯区,18184
2024,7,市区町村,観光来訪者数,34,広島県,34202,呉市,111207
2024,7,市区町村,観光来訪者数,34,広島県,34203,竹原市,37179
2024,7,市区町村,観光来訪者数,34,広島県,34204,三原市,89217
2024,7,市区町村,観光来訪者数,34,広島県,34205,尾道市,97801
2024,7,市区町村,観光来訪者数,34,広島県,34207,福山市,78416
2024,7,市区町村,観光来訪者数,34,広島県,34208,府中市,9262
2024,7,市区町村,観光来訪者数,34,広島県,34209,三次市,49121
2024,7,市区町村,観光来訪者数,34,広島県,34210,庄原市,69474
2024,7,市区町村,観光来訪者数,34,広島県,34211,大竹市,6588
2024,7,市区町村,観光来訪者数,34,広島県,34212,東広島市,80135
2024,7,市区町村,観光来訪者数,34,広島県,34213,廿日市市,324377
2024,7,市区町村,観光来訪者数,34,広島県,34214,安芸高田市,28225
2024,7,市区町村,観光来訪者数,34,広島県,34215,江田島市,3947
2024,7,市区町村,観光来訪者数,34,広島県,34302,府中町,1030
2024,7,市区町村,観光来訪者数,34,広島県,34304,海田町,407
2024,7,市区町村,観光来訪者数,34,広島県,34307,熊野町,793
2024,7,市区町村,観光来訪者数,34,広島県,34309,坂町,11623
2024,7,市区町村,観光来訪者数,34,広島県,34368,安芸太田町,13842
2024,7,市区町村,観光来訪者数,34,広島県,34369,北広島町,46858
2024,7,市区町村,観光来訪者数,34,広島県,34431,大崎上島町,324
2024,7,市区町村,観光来訪者数,34,広島県,34462,世羅町,44349
2024,7,市区町村,観光来訪者数,34,広島県,34545,神石高原町,29374
2024,7,市区町村,観光来訪者数,35,山口県,35201,下関市,211811
2024,7,市区町村,観光来訪者数,35,山口県,35202,宇部市,35314
2024,7,市区町村,観光来訪者数,35,山口県,35203,山口市,148682
2024,7,市区町村,観光来訪者数,35,山口県,35204,萩市,99981
2024,7,市区町村,観光来訪者数,35,山口県,35206,防府市,38650
2024,7,市区町村,観光来訪者数,35,山口県,35207,下松市,22173
2024,7,市区町村,観光来訪者数,35,山口県,35208,岩国市,68604
2024,7,市区町村,観光来訪者数,35,山口県,35210,光市,5484
2024,7,市区町村,観光来訪者数,35,山口県,35211,長門市,57863
2024,7,市区町村,観光来訪者数,35,山口県,35212,柳井市,6434
2024,7,市区町村,観光来訪者数,35,山口県,35213,美祢市,41291
2024,7,市区町村,観光来訪者数,35,山口県,35215,周南市,74540
2024,7,市区町村,観光来訪者数,35,山口県,35216,山陽小野田市,121410
2024,7,市区町村,観光来訪者数,35,山口県,35305,周防大島町,33629
2024,7,市区町村,観光来訪者数,35,山口県,35321,和木町,3063
2024,7,市区町村,観光来訪者数,35,山口県,35341,上関町,14710
2024,7,市区町村,観光来訪者数,35,山口県,35343,田布施町,940
2024,7,市区町村,観光来訪者数,35,山口県,35344,平生町,575
2024,7,市区町村,観光来訪者数,35,山口県,35502,阿武町,28712
2024,7,市区町村,観光来訪者数,36,徳島県,36201,徳島市,87757
2024,7,市区町村,観光来訪者数,36,徳島県,36202,鳴門市,218350
2024,7,市区町村,観光来訪者数,36,徳島県,36203,小松島市,20729
2024,7,市区町村,観光来訪者数,36,徳島県,36204,阿南市,37545
2024,7,市区町村,観光来訪者数,36,徳島県,36205,吉野川市,10097
2024,7,市区町村,観光来訪者数,36,徳島県,36206,阿波市,18710
2024,7,市区町村,観光来訪者数,36,徳島県,36207,美馬市,23552
2024,7,市区町村,観光来訪者数,36,徳島県,36208,三好市,71282
2024,7,市区町村,観光来訪者数,36,徳島県,36301,勝浦町,4341
2024,7,市区町村,観光来訪者数,36,徳島県,36302,上勝町,2651
2024,7,市区町村,観光来訪者数,36,徳島県,36321,佐那河内村,308
2024,7,市区町村,観光来訪者数,36,徳島県,36341,石井町,3067
2024,7,市区町村,観光来訪者数,36,徳島県,36342,神山町,7712
2024,7,市区町村,観光来訪者数,36,徳島県,36368,那賀町,24664
2024,7,市区町村,観光来訪者数,36,徳島県,36383,牟岐町,3910
2024,7,市区町村,観光来訪者数,36,徳島県,36387,美波町,18509
2024,7,市区町村,観光来訪者数,36,徳島県,36388,海陽町,18550
2024,7,市区町村,観光来訪者数,36,徳島県,36401,松茂町,6986
2024,7,市区町村,観光来訪者数,36,徳島県,36402,北島町,1211
2024,7,市区町村,観光来訪者数,36,徳島県,36403,藍住町,4419
2024,7,市区町村,観光来訪者数,36,徳島県,36404,板野町,48888
2024,7,市区町村,観光来訪者数,36,徳島県,36405,上板町,21205
2024,7,市区町村,観光来訪者数,36,徳島県,36468,つるぎ町,13215
2024,7,市区町村,観光来訪者数,36,徳島県,36489,東みよし町,20041
2024,7,市区町村,観光来訪者数,37,香川県,37201,高松市,186336
2024,7,市区町村,観光来訪者数,37,香川県,37202,丸亀市,113438
2024,7,市区町村,観光来訪者数,37,香川県,37203,坂出市,152610
2024,7,市区町村,観光来訪者数,37,香川県,37204,善通寺市,15144
2024,7,市区町村,観光来訪者数,37,香川県,37205,観音寺市,40565
2024,7,市区町村,観光来訪者数,37,香川県,37206,さぬき市,40499
2024,7,市区町村,観光来訪者数,37,香川県,37207,東かがわ市,26975
2024,7,市区町村,観光来訪者数,37,香川県,37208,三豊市,66687
2024,7,市区町村,観光来訪者数,37,香川県,37322,土庄町,13108
2024,7,市区町村,観光来訪者数,37,香川県,37324,小豆島町,56592
2024,7,市区町村,観光来訪者数,37,香川県,37341,三木町,4932
2024,7,市区町村,観光来訪者数,37,香川県,37364,直島町,13061
2024,7,市区町村,観光来訪者数,37,香川県,37386,宇多津町,58904
2024,7,市区町村,観光来訪者数,37,香川県,37387,綾川町,19678
2024,7,市区町村,観光来訪者数,37,香川県,37403,琴平町,23809
2024,7,市区町村,観光来訪者数,37,香川県,37404,多度津町,20341
2024,7,市区町村,観光来訪者数,37,香川県,37406,まんのう町,32491
2024,7,市区町村,観光来訪者数,38,愛媛県,38201,松山市,243967
2024,7,市区町村,観光来訪者数,38,愛媛県,38202,今治市,178818
2024,7,市区町村,観光来訪者数,38,愛媛県,38203,宇和島市,59333
2024,7,市区町村,観光来訪者数,38,愛媛県,38204,八幡浜市,10478
2024,7,市区町村,観光来訪者数,38,愛媛県,38205,新居浜市,42886
2024,7,市区町村,観光来訪者数,38,愛媛県,38206,西条市,52057
2024,7,市区町村,観光来訪者数,38,愛媛県,38207,大洲市,24384
2024,7,市区町村,観光来訪者数,38,愛媛県,38210,伊予市,49360
2024,7,市区町村,観光来訪者数,38,愛媛県,38213,四国中央市,33489
2024,7,市区町村,観光来訪者数,38,愛媛県,38214,西予市,20523
2024,7,市区町村,観光来訪者数,38,愛媛県,38215,東温市,10715
2024,7,市区町村,観光来訪者数,38,愛媛県,38356,上島町,1966
2024,7,市区町村,観光来訪者数,38,愛媛県,38386,久万高原町,40846
2024,7,市区町村,観光来訪者数,38,愛媛県,38401,松前町,2759
2024,7,市区町村,観光来訪者数,38,愛媛県,38402,砥部町,11260
2024,7,市区町村,観光来訪者数,38,愛媛県,38422,内子町,27529
2024,7,市区町村,観光来訪者数,38,愛媛県,38442,伊方町,24481
2024,7,市区町村,観光来訪者数,38,愛媛県,38484,松野町,4004
2024,7,市区町村,観光来訪者数,38,愛媛県,38488,鬼北町,11979
2024,7,市区町村,観光来訪者数,38,愛媛県,38506,愛南町,23671
2024,7,市区町村,観光来訪者数,39,高知県,39201,高知市,263157
2024,7,市区町村,観光来訪者数,39,高知県,39202,室戸市,20715
2024,7,市区町村,観光来訪者数,39,高知県,39203,安芸市,8368
2024,7,市区町村,観光来訪者数,39,高知県,39204,南国市,28403
2024,7,市区町村,観光来訪者数,39,高知県,39205,土佐市,11111
2024,7,市区町村,観光来訪者数,39,高知県,39206,須崎市,22741
2024,7,市区町村,観光来訪者数,39,高知県,39208,宿毛市,9083
2024,7,市区町村,観光来訪者数,39,高知県,39209,土佐清水市,23018
2024,7,市区町村,観光来訪者数,39,高知県,39210,四万十市,36841
2024,7,市区町村,観光来訪者数,39,高知県,39211,香南市,28297
2024,7,市区町村,観光来訪者数,39,高知県,39212,香美市,26396
2024,7,市区町村,観光来訪者数,39,高知県,39301,東洋町,8714
2024,7,市区町村,観光来訪者数,39,高知県,39302,奈半利町,2699
2024,7,市区町村,観光来訪者数,39,高知県,39303,田野町,9537
2024,7,市区町村,観光来訪者数,39,高知県,39304,安田町,2783
2024,7,市区町村,観光来訪者数,39,高知県,39305,北川村,14923
2024,7,市区町村,観光来訪者数,39,高知県,39306,馬路村,1826
2024,7,市区町村,観光来訪者数,39,高知県,39307,芸西村,13566
2024,7,市区町村,観光来訪者数,39,高知県,39341,本山町,7034
2024,7,市区町村,観光来訪者数,39,高知県,39344,大豊町,6675
2024,7,市区町村,観光来訪者数,39,高知県,39363,土佐町,9128
2024,7,市区町村,観光来訪者数,39,高知県,39364,大川村,3247
2024,7,市区町村,観光来訪者数,39,高知県,39386,いの町,27697
2024,7,市区町村,観光来訪者数,39,高知県,39387,仁淀川町,12320
2024,7,市区町村,観光来訪者数,39,高知県,39401,中土佐町,27142
2024,7,市区町村,観光来訪者数,39,高知県,39402,佐川町,11558
2024,7,市区町村,観光来訪者数,39,高知県,39403,越知町,6994
2024,7,市区町村,観光来訪者数,39,高知県,39405,梼原町,11259
2024,7,市区町村,観光来訪者数,39,高知県,39410,日高村,7260
2024,7,市区町村,観光来訪者数,39,高知県,39411,津野町,13511
2024,7,市区町村,観光来訪者数,39,高知県,39412,四万十町,72104
2024,7,市区町村,観光来訪者数,39,高知県,39424,大月町,10008
2024,7,市区町村,観光来訪者数,39,高知県,39427,三原村,267
2024,7,市区町村,観光来訪者数,39,高知県,39428,黒潮町,31194
2024,7,市区町村,観光来訪者数,40,福岡県,40101,北九州市門司区,39321
2024,7,市区町村,観光来訪者数,40,福岡県,40103,北九州市若松区,11824
2024,7,市区町村,観光来訪者数,40,福岡県,40105,北九州市戸畑区,2816
2024,7,市区町村,観光来訪者数,40,福岡県,40106,北九州市小倉北区,236341
2024,7,市区町村,観光来訪者数,40,福岡県,40107,北九州市小倉南区,145049
2024,7,市区町村,観光来訪者数,40,福岡県,40108,北九州市八幡東区,39386
2024,7,市区町村,観光来訪者数,40,福岡県,40109,北九州市八幡西区,21708
2024,7,市区町村,観光来訪者数,40,福岡県,40131,福岡市東区,149438
2024,7,市区町村,観光来訪者数,40,福岡県,40132,福岡市博多区,528753
2024,7,市区町村,観光来訪者数,40,福岡県,40133,福岡市中央区,713028
2024,7,市区町村,観光来訪者数,40,福岡県,40134,福岡市南区,6274
2024,7,市区町村,観光来訪者数,40,福岡県,40135,福岡市西区,23179
2024,7,市区町村,観光来訪者数,40,福岡県,40136,福岡市城南区,527
2024,7,市区町村,観光来訪者数,40,福岡県,40137,福岡市早良区,43199
2024,7,市区町村,観光来訪者数,40,福岡県,40202,大牟田市,34221
2024,7,市区町村,観光来訪者数,40,福岡県,40203,久留米市,133744
2024,7,市区町村,観光来訪者数,40,福岡県,40204,直方市,8812
2024,7,市区町村,観光来訪者数,40,福岡県,40205,飯塚市,97704
2024,7,市区町村,観光来訪者数,40,福岡県,40206,田川市,9825
2024,7,市区町村,観光来訪者数,40,福岡県,40207,柳川市,13485
2024,7,市区町村,観光来訪者数,40,福岡県,40210,八女市,69772
2024,7,市区町村,観光来訪者数,40,福岡県,40211,筑後市,48905
2024,7,市区町村,観光来訪者数,40,福岡県,40212,大川市,9642
2024,7,市区町村,観光来訪者数,40,福岡県,40213,行橋市,6739
2024,7,市区町村,観光来訪者数,40,福岡県,40214,豊前市,33393
2024,7,市区町村,観光来訪者数,40,福岡県,40215,中間市,611
2024,7,市区町村,観光来訪者数,40,福岡県,40216,小郡市,48809
2024,7,市区町村,観光来訪者数,40,福岡県,40217,筑紫野市,136197
2024,7,市区町村,観光来訪者数,40,福岡県,40218,春日市,305
2024,7,市区町村,観光来訪者数,40,福岡県,40219,大野城市,4797
2024,7,市区町村,観光来訪者数,40,福岡県,40220,宗像市,65930
2024,7,市区町村,観光来訪者数,40,福岡県,40221,太宰府市,131109
2024,7,市区町村,観光来訪者数,40,福岡県,40223,古賀市,289237
2024,7,市区町村,観光来訪者数,40,福岡県,40224,福津市,49953
2024,7,市区町村,観光来訪者数,40,福岡県,40225,うきは市,108546
2024,7,市区町村,観光来訪者数,40,福岡県,40226,宮若市,62156
2024,7,市区町村,観光来訪者数,40,福岡県,40227,嘉麻市,18905
2024,7,市区町村,観光来訪者数,40,福岡県,40228,朝倉市,234209
2024,7,市区町村,観光来訪者数,40,福岡県,40229,みやま市,28398
2024,7,市区町村,観光来訪者数,40,福岡県,40230,糸島市,162068
2024,7,市区町村,観光来訪者数,40,福岡県,40231,那珂川市,17934
2024,7,市区町村,観光来訪者数,40,福岡県,40341,宇美町,4214
2024,7,市区町村,観光来訪者数,40,福岡県,40342,篠栗町,22294
2024,7,市区町村,観光来訪者数,40,福岡県,40343,志免町,564
2024,7,市区町村,観光来訪者数,40,福岡県,40344,須恵町,707
2024,7,市区町村,観光来訪者数,40,福岡県,40345,新宮町,19255
2024,7,市区町村,観光来訪者数,40,福岡県,40348,久山町,2195
2024,7,市区町村,観光来訪者数,40,福岡県,40349,粕屋町,4121
2024,7,市区町村,観光来訪者数,40,福岡県,40381,芦屋町,28228
2024,7,市区町村,観光来訪者数,40,福岡県,40382,水巻町,3820
2024,7,市区町村,観光来訪者数,40,福岡県,40383,岡垣町,1386
2024,7,市区町村,観光来訪者数,40,福岡県,40384,遠賀町,5730
2024,7,市区町村,観光来訪者数,40,福岡県,40401,小竹町,2274
2024,7,市区町村,観光来訪者数,40,福岡県,40402,鞍手町,7952
2024,7,市区町村,観光来訪者数,40,福岡県,40421,桂川町,7738
2024,7,市区町村,観光来訪者数,40,福岡県,40447,筑前町,13582
2024,7,市区町村,観光来訪者数,40,福岡県,40448,東峰村,1078
2024,7,市区町村,観光来訪者数,40,福岡県,40503,大刀洗町,2214
2024,7,市区町村,観光来訪者数,40,福岡県,40522,大木町,8757
2024,7,市区町村,観光来訪者数,40,福岡県,40544,広川町,2596
2024,7,市区町村,観光来訪者数,40,福岡県,40601,香春町,20258
2024,7,市区町村,観光来訪者数,40,福岡県,40602,添田町,21229
2024,7,市区町村,観光来訪者数,40,福岡県,40604,糸田町,119
2024,7,市区町村,観光来訪者数,40,福岡県,40605,川崎町,7525
2024,7,市区町村,観光来訪者数,40,福岡県,40608,大任町,32064
2024,7,市区町村,観光来訪者数,40,福岡県,40609,赤村,6942
2024,7,市区町村,観光来訪者数,40,福岡県,40610,福智町,13272
2024,7,市区町村,観光来訪者数,40,福岡県,40621,苅田町,4402
2024,7,市区町村,観光来訪者数,40,福岡県,40625,みやこ町,10336
2024,7,市区町村,観光来訪者数,40,福岡県,40646,上毛町,7483
2024,7,市区町村,観光来訪者数,40,福岡県,40647,築上町,16230
2024,7,市区町村,観光来訪者数,41,佐賀県,41201,佐賀市,786579
2024,7,市区町村,観光来訪者数,41,佐賀県,41202,唐津市,322479
2024,7,市区町村,観光来訪者数,41,佐賀県,41203,鳥栖市,410352
2024,7,市区町村,観光来訪者数,41,佐賀県,41204,多久市,27817
2024,7,市区町村,観光来訪者数,41,佐賀県,41205,伊万里市,138388
2024,7,市区町村,観光来訪者数,41,佐賀県,41206,武雄市,162930
2024,7,市区町村,観光来訪者数,41,佐賀県,41207,鹿島市,49049
2024,7,市区町村,観光来訪者数,41,佐賀県,41208,小城市,33028
2024,7,市区町村,観光来訪者数,41,佐賀県,41209,嬉野市,113855
2024,7,市区町村,観光来訪者数,41,佐賀県,41210,神埼市,18599
2024,7,市区町村,観光来訪者数,41,佐賀県,41327,吉野ヶ里町,60252
2024,7,市区町村,観光来訪者数,41,佐賀県,41341,基山町,17782
2024,7,市区町村,観光来訪者数,41,佐賀県,41345,上峰町,7765
2024,7,市区町村,観光来訪者数,41,佐賀県,41346,みやき町,11182
2024,7,市区町村,観光来訪者数,41,佐賀県,41387,玄海町,19954
2024,7,市区町村,観光来訪者数,41,佐賀県,41401,有田町,38478
2024,7,市区町村,観光来訪者数,41,佐賀県,41423,大町町,7660
2024,7,市区町村,観光来訪者数,41,佐賀県,41424,江北町,20826
2024,7,市区町村,観光来訪者数,41,佐賀県,41425,白石町,40801
2024,7,市区町村,観光来訪者数,41,佐賀県,41441,太良町,40435
2024,7,市区町村,観光来訪者数,42,長崎県,42201,長崎市,354186
2024,7,市区町村,観光来訪者数,42,長崎県,42202,佐世保市,217459
2024,7,市区町村,観光来訪者数,42,長崎県,42203,島原市,43640
2024,7,市区町村,観光来訪者数,42,長崎県,42204,諫早市,47351
2024,7,市区町村,観光来訪者数,42,長崎県,42205,大村市,331231
2024,7,市区町村,観光来訪者数,42,長崎県,42207,平戸市,37097
2024,7,市区町村,観光来訪者数,42,長崎県,42208,松浦市,32330
2024,7,市区町村,観光来訪者数,42,長崎県,42209,対馬市,26636
2024,7,市区町村,観光来訪者数,42,長崎県,42210,壱岐市,33323
2024,7,市区町村,観光来訪者数,42,長崎県,42211,五島市,24665
2024,7,市区町村,観光来訪者数,42,長崎県,42212,西海市,37243
2024,7,市区町村,観光来訪者数,42,長崎県,42213,雲仙市,54542
2024,7,市区町村,観光来訪者数,42,長崎県,42214,南島原市,22995
2024,7,市区町村,観光来訪者数,42,長崎県,42307,長与町,1421
2024,7,市区町村,観光来訪者数,42,長崎県,42308,時津町,1305
2024,7,市区町村,観光来訪者数,42,長崎県,42321,東彼杵町,25484
2024,7,市区町村,観光来訪者数,42,長崎県,42322,川棚町,5462
2024,7,市区町村,観光来訪者数,42,長崎県,42323,波佐見町,19676
2024,7,市区町村,観光来訪者数,42,長崎県,42383,小値賀町,4483
2024,7,市区町村,観光来訪者数,42,長崎県,42391,佐々町,1220
2024,7,市区町村,観光来訪者数,42,長崎県,42411,新上五島町,31875
2024,7,市区町村,観光来訪者数,43,熊本県,43101,熊本市中央区,158165
2024,7,市区町村,観光来訪者数,43,熊本県,43102,熊本市東区,45409
2024,7,市区町村,観光来訪者数,43,熊本県,43103,熊本市西区,9615
2024,7,市区町村,観光来訪者数,43,熊本県,43104,熊本市南区,8940
2024,7,市区町村,観光来訪者数,43,熊本県,43105,熊本市北区,18903
2024,7,市区町村,観光来訪者数,43,熊本県,43202,八代市,42993
2024,7,市区町村,観光来訪者数,43,熊本県,43203,人吉市,25009
2024,7,市区町村,観光来訪者数,43,熊本県,43204,荒尾市,49029
2024,7,市区町村,観光来訪者数,43,熊本県,43205,水俣市,19456
2024,7,市区町村,観光来訪者数,43,熊本県,43206,玉名市,29007
2024,7,市区町村,観光来訪者数,43,熊本県,43208,山鹿市,79365
2024,7,市区町村,観光来訪者数,43,熊本県,43210,菊池市,59150
2024,7,市区町村,観光来訪者数,43,熊本県,43211,宇土市,47816
2024,7,市区町村,観光来訪者数,43,熊本県,43212,上天草市,41813
2024,7,市区町村,観光来訪者数,43,熊本県,43213,宇城市,49452
2024,7,市区町村,観光来訪者数,43,熊本県,43214,阿蘇市,101571
2024,7,市区町村,観光来訪者数,43,熊本県,43215,天草市,54037
2024,7,市区町村,観光来訪者数,43,熊本県,43216,合志市,5316
2024,7,市区町村,観光来訪者数,43,熊本県,43348,美里町,7714
2024,7,市区町村,観光来訪者数,43,熊本県,43364,玉東町,249
2024,7,市区町村,観光来訪者数,43,熊本県,43367,南関町,1960
2024,7,市区町村,観光来訪者数,43,熊本県,43368,長洲町,2348
2024,7,市区町村,観光来訪者数,43,熊本県,43369,和水町,19027
2024,7,市区町村,観光来訪者数,43,熊本県,43403,大津町,64137
2024,7,市区町村,観光来訪者数,43,熊本県,43404,菊陽町,7470
2024,7,市区町村,観光来訪者数,43,熊本県,43423,南小国町,3290
2024,7,市区町村,観光来訪者数,43,熊本県,43424,小国町,34457
2024,7,市区町村,観光来訪者数,43,熊本県,43425,産山村,6740
2024,7,市区町村,観光来訪者数,43,熊本県,43428,高森町,21316
2024,7,市区町村,観光来訪者数,43,熊本県,43432,西原村,12852
2024,7,市区町村,観光来訪者数,43,熊本県,43433,南阿蘇村,160922
2024,7,市区町村,観光来訪者数,43,熊本県,43441,御船町,9225
2024,7,市区町村,観光来訪者数,43,熊本県,43442,嘉島町,17946
2024,7,市区町村,観光来訪者数,43,熊本県,43443,益城町,11796
2024,7,市区町村,観光来訪者数,43,熊本県,43444,甲佐町,4918
2024,7,市区町村,観光来訪者数,43,熊本県,43447,山都町,28611
2024,7,市区町村,観光来訪者数,43,熊本県,43468,氷川町,6682
2024,7,市区町村,観光来訪者数,43,熊本県,43482,芦北町,42387
2024,7,市区町村,観光来訪者数,43,熊本県,43484,津奈木町,1298
2024,7,市区町村,観光来訪者数,43,熊本県,43501,錦町,11344
2024,7,市区町村,観光来訪者数,43,熊本県,43505,多良木町,317
2024,7,市区町村,観光来訪者数,43,熊本県,43506,湯前町,1399
2024,7,市区町村,観光来訪者数,43,熊本県,43507,水上村,1892
2024,7,市区町村,観光来訪者数,43,熊本県,43510,相良村,2934
2024,7,市区町村,観光来訪者数,43,熊本県,43511,五木村,8880
2024,7,市区町村,観光来訪者数,43,熊本県,43512,山江村,975
2024,7,市区町村,観光来訪者数,43,熊本県,43513,球磨村,483
2024,7,市区町村,観光来訪者数,43,熊本県,43514,あさぎり町,615
2024,7,市区町村,観光来訪者数,43,熊本県,43531,苓北町,11949
2024,7,市区町村,観光来訪者数,44,大分県,44201,大分市,311080
2024,7,市区町村,観光来訪者数,44,大分県,44202,別府市,214619
2024,7,市区町村,観光来訪者数,44,大分県,44203,中津市,58236
2024,7,市区町村,観光来訪者数,44,大分県,44204,日田市,107295
2024,7,市区町村,観光来訪者数,44,大分県,44205,佐伯市,49919
2024,7,市区町村,観光来訪者数,44,大分県,44206,臼杵市,7777
2024,7,市区町村,観光来訪者数,44,大分県,44207,津久見市,6756
2024,7,市区町村,観光来訪者数,44,大分県,44208,竹田市,95453
2024,7,市区町村,観光来訪者数,44,大分県,44209,豊後高田市,11453
2024,7,市区町村,観光来訪者数,44,大分県,44210,杵築市,27264
2024,7,市区町村,観光来訪者数,44,大分県,44211,宇佐市,31606
2024,7,市区町村,観光来訪者数,44,大分県,44212,豊後大野市,44388
2024,7,市区町村,観光来訪者数,44,大分県,44213,由布市,56011
2024,7,市区町村,観光来訪者数,44,大分県,44214,国東市,13694
2024,7,市区町村,観光来訪者数,44,大分県,44322,姫島村,1033
2024,7,市区町村,観光来訪者数,44,大分県,44341,日出町,28729
2024,7,市区町村,観光来訪者数,44,大分県,44461,九重町,20599
2024,7,市区町村,観光来訪者数,44,大分県,44462,玖珠町,34484
2024,7,市区町村,観光来訪者数,45,宮崎県,45201,宮崎市,204467
2024,7,市区町村,観光来訪者数,45,宮崎県,45202,都城市,129250
2024,7,市区町村,観光来訪者数,45,宮崎県,45203,延岡市,97070
2024,7,市区町村,観光来訪者数,45,宮崎県,45204,日南市,32001
2024,7,市区町村,観光来訪者数,45,宮崎県,45205,小林市,20474
2024,7,市区町村,観光来訪者数,45,宮崎県,45206,日向市,51929
2024,7,市区町村,観光来訪者数,45,宮崎県,45207,串間市,17658
2024,7,市区町村,観光来訪者数,45,宮崎県,45208,西都市,22916
2024,7,市区町村,観光来訪者数,45,宮崎県,45209,えびの市,45576
2024,7,市区町村,観光来訪者数,45,宮崎県,45341,三股町,1064
2024,7,市区町村,観光来訪者数,45,宮崎県,45361,高原町,8760
2024,7,市区町村,観光来訪者数,45,宮崎県,45382,国富町,1035
2024,7,市区町村,観光来訪者数,45,宮崎県,45383,綾町,6996
2024,7,市区町村,観光来訪者数,45,宮崎県,45401,高鍋町,3494
2024,7,市区町村,観光来訪者数,45,宮崎県,45402,新富町,22198
2024,7,市区町村,観光来訪者数,45,宮崎県,45403,西米良村,8182
2024,7,市区町村,観光来訪者数,45,宮崎県,45404,木城町,4264
2024,7,市区町村,観光来訪者数,45,宮崎県,45405,川南町,66325
2024,7,市区町村,観光来訪者数,45,宮崎県,45406,都農町,26622
2024,7,市区町村,観光来訪者数,45,宮崎県,45421,門川町,2811
2024,7,市区町村,観光来訪者数,45,宮崎県,45429,諸塚村,279
2024,7,市区町村,観光来訪者数,45,宮崎県,45430,椎葉村,1267
2024,7,市区町村,観光来訪者数,45,宮崎県,45431,美郷町,8489
2024,7,市区町村,観光来訪者数,45,宮崎県,45441,高千穂町,47114
2024,7,市区町村,観光来訪者数,45,宮崎県,45442,日之影町,27934
2024,7,市区町村,観光来訪者数,45,宮崎県,45443,五ヶ瀬町,6689
2024,7,市区町村,観光来訪者数,46,鹿児島県,46201,鹿児島市,461248
2024,7,市区町村,観光来訪者数,46,鹿児島県,46203,鹿屋市,41354
2024,7,市区町村,観光来訪者数,46,鹿児島県,46204,枕崎市,17691
2024,7,市区町村,観光来訪者数,46,鹿児島県,46206,阿久根市,13326
2024,7,市区町村,観光来訪者数,46,鹿児島県,46208,出水市,16312
2024,7,市区町村,観光来訪者数,46,鹿児島県,46210,指宿市,97941
2024,7,市区町村,観光来訪者数,46,鹿児島県,46213,西之表市,30982
2024,7,市区町村,観光来訪者数,46,鹿児島県,46214,垂水市,48730
2024,7,市区町村,観光来訪者数,46,鹿児島県,46215,薩摩川内市,44228
2024,7,市区町村,観光来訪者数,46,鹿児島県,46216,日置市,43328
2024,7,市区町村,観光来訪者数,46,鹿児島県,46217,曽於市,28564
2024,7,市区町村,観光来訪者数,46,鹿児島県,46218,霧島市,200423
2024,7,市区町村,観光来訪者数,46,鹿児島県,46219,いちき串木野市,26356
2024,7,市区町村,観光来訪者数,46,鹿児島県,46220,南さつま市,29762
2024,7,市区町村,観光来訪者数,46,鹿児島県,46221,志布志市,17771
2024,7,市区町村,観光来訪者数,46,鹿児島県,46222,奄美市,39053
2024,7,市区町村,観光来訪者数,46,鹿児島県,46223,南九州市,50004
2024,7,市区町村,観光来訪者数,46,鹿児島県,46224,伊佐市,20870
2024,7,市区町村,観光来訪者数,46,鹿児島県,46225,姶良市,15693
2024,7,市区町村,観光来訪者数,46,鹿児島県,46303,三島村,225
2024,7,市区町村,観光来訪者数,46,鹿児島県,46304,十島村,291
2024,7,市区町村,観光来訪者数,46,鹿児島県,46392,さつま町,14332
2024,7,市区町村,観光来訪者数,46,鹿児島県,46404,長島町,11802
2024,7,市区町村,観光来訪者数,46,鹿児島県,46452,湧水町,16051
2024,7,市区町村,観光来訪者数,46,鹿児島県,46468,大崎町,14837
2024,7,市区町村,観光来訪者数,46,鹿児島県,46482,東串良町,915
2024,7,市区町村,観光来訪者数,46,鹿児島県,46490,錦江町,5147
2024,7,市区町村,観光来訪者数,46,鹿児島県,46491,南大隅町,17590
2024,7,市区町村,観光来訪者数,46,鹿児島県,46492,肝付町,3786
2024,7,市区町村,観光来訪者数,46,鹿児島県,46501,中種子町,4692
2024,7,市区町村,観光来訪者数,46,鹿児島県,46502,南種子町,12682
2024,7,市区町村,観光来訪者数,46,鹿児島県,46505,屋久島町,52265
2024,7,市区町村,観光来訪者数,46,鹿児島県,46523,大和村,4387
2024,7,市区町村,観光来訪者数,46,鹿児島県,46524,宇検村,573
2024,7,市区町村,観光来訪者数,46,鹿児島県,46525,瀬戸内町,14783
2024,7,市区町村,観光来訪者数,46,鹿児島県,46527,龍郷町,14564
2024,7,市区町村,観光来訪者数,46,鹿児島県,46529,喜界町,684
2024,7,市区町村,観光来訪者数,46,鹿児島県,46530,徳之島町,226
2024,7,市区町村,観光来訪者数,46,鹿児島県,46531,天城町,2094
2024,7,市区町村,観光来訪者数,46,鹿児島県,46532,伊仙町,2938
2024,7,市区町村,観光来訪者数,46,鹿児島県,46533,和泊町,547
2024,7,市区町村,観光来訪者数,46,鹿児島県,46534,知名町,496
2024,7,市区町村,観光来訪者数,46,鹿児島県,46535,与論町,3739
2024,7,市区町村,観光来訪者数,47,沖縄県,47201,那覇市,118361
2024,7,市区町村,観光来訪者数,47,沖縄県,47205,宜野湾市,17033
2024,7,市区町村,観光来訪者数,47,沖縄県,47207,石垣市,37626
2024,7,市区町村,観光来訪者数,47,沖縄県,47208,浦添市,10242
2024,7,市区町村,観光来訪者数,47,沖縄県,47209,名護市,127010
2024,7,市区町村,観光来訪者数,47,沖縄県,47210,糸満市,72607
2024,7,市区町村,観光来訪者数,47,沖縄県,47211,沖縄市,33628
2024,7,市区町村,観光来訪者数,47,沖縄県,47212,豊見城市,12100
2024,7,市区町村,観光来訪者数,47,沖縄県,47213,うるま市,52581
2024,7,市区町村,観光来訪者数,47,沖縄県,47214,宮古島市,96668
2024,7,市区町村,観光来訪者数,47,沖縄県,47215,南城市,69850
2024,7,市区町村,観光来訪者数,47,沖縄県,47301,国頭村,23903
2024,7,市区町村,観光来訪者数,47,沖縄県,47302,大宜味村,16793
2024,7,市区町村,観光来訪者数,47,沖縄県,47303,東村,12117
2024,7,市区町村,観光来訪者数,47,沖縄県,47306,今帰仁村,37456
2024,7,市区町村,観光来訪者数,47,沖縄県,47308,本部町,192800
2024,7,市区町村,観光来訪者数,47,沖縄県,47311,恩納村,67431
2024,7,市区町村,観光来訪者数,47,沖縄県,47313,宜野座村,29833
2024,7,市区町村,観光来訪者数,47,沖縄県,47314,金武町,11195
2024,7,市区町村,観光来訪者数,47,沖縄県,47315,伊江村,3795
2024,7,市区町村,観光来訪者数,47,沖縄県,47324,読谷村,30531
2024,7,市区町村,観光来訪者数,47,沖縄県,47325,嘉手納町,290
2024,7,市区町村,観光来訪者数,47,沖縄県,47326,北谷町,86510
2024,7,市区町村,観光来訪者数,47,沖縄県,47327,北中城村,14760
2024,7,市区町村,観光来訪者数,47,沖縄県,47328,中城村,1949
2024,7,市区町村,観光来訪者数,47,沖縄県,47329,西原町,3925
2024,7,市区町村,観光来訪者数,47,沖縄県,47348,与那原町,1171
2024,7,市区町村,観光来訪者数,47,沖縄県,47350,南風原町,2019
2024,7,市区町村,観光来訪者数,47,沖縄県,47353,渡嘉敷村,2866
2024,7,市区町村,観光来訪者数,47,沖縄県,47354,座間味村,5232
2024,7,市区町村,観光来訪者数,47,沖縄県,47355,粟国村,494
2024,7,市区町村,観光来訪者数,47,沖縄県,47356,渡名喜村,416
2024,7,市区町村,観光来訪者数,47,沖縄県,47357,南大東村,649
2024,7,市区町村,観光来訪者数,47,沖縄県,47358,北大東村,606
2024,7,市区町村,観光来訪者数,47,沖縄県,47359,伊平屋村,949
2024,7,市区町村,観光来訪者数,47,沖縄県,47360,伊是名村,540
2024,7,市区町村,観光来訪者数,47,沖縄県,47361,久米島町,5570
2024,7,市区町村,観光来訪者数,47,沖縄県,47362,八重瀬町,14199
2024,7,市区町村,観光来訪者数,47,沖縄県,47375,多良間村,290
2024,7,市区町村,観光来訪者数,47,沖縄県,47381,竹富町,25220
2024,7,市区町村,観光来訪者数,47,沖縄県,47382,与那国町,1397
